{"stats":{"minecraft:picked_up":{"minecraft:wooden_axe":3,"brewery:table":2,"butchersdelightfoods:legcow":8,"brewery:dried_corn":5,"minecraft:lead":2,"farmersdelight:rice_panicle":1,"bakery:strawberry_seeds":2,"minecraft:amethyst_block":17,"farmersdelight:cutting_board":1,"minecraft:music_disc_cat":1,"minecraft:string":73,"minecraft:dark_oak_trapdoor":1,"minecraft:raw_copper":59,"minecraft:zombie_head":6,"brewery:hops":37,"minecraft:cobbled_deepslate":23,"minecraft:bucket":1,"farmersdelight:cabbage":1,"minecraft:calcite":19,"minecraft:azalea":2,"minecraft:melon_slice":1,"farmersdelight:cabbage_seeds":2,"alexsmobs:leafcutter_ant_chamber":19,"minecraft:stick":1,"alexscaves:thornwood_wood":1,"minecraft:oak_fence":4,"minecraft:torch":54,"alexscaves:heavy_bone":5,"alexsmobs:lobster_bucket":1,"minecraft:honeycomb_block":1,"minecraft:cherry_log":34,"minecraft:rotten_flesh":8,"butchersdelightfoods:ham":1,"alexsmobs:emu_egg":1,"farmersdelight:rope":36,"supplementaries:ash":9,"alexsmobs:flying_fish":1,"minecraft:cobblestone":459,"minecraft:pink_petals":90,"butchersdelightfoods:beeftenderloin":5,"minecraft:leather_chestplate":1,"brewery:beer_mug":9,"farmersdelight:rice":5,"minecraft:cherry_planks":4,"minecraft:cherry_leaves":25,"minecraft:andesite":66,"minecraft:jungle_log":32,"minecraft:jungle_wood":9,"brewery:corn_seeds":16,"butchersdelight:deadpig":4,"minecraft:flint":5,"supplementaries:flax_seeds":4,"pfm:white_shower_towel":1,"farmersdelight:tomato":1,"minecraft:dirt":77,"brewery:hops_seeds":2,"minecraft:bone":16,"farmersdelight:iron_knife":1,"minecraft:bow":1,"minecraft:wheat_seeds":8,"alexscaves:guano":5,"minecraft:raw_gold":50,"farmersdelight:pumpkin_slice":4,"minecraft:bamboo":79,"tacz:gun_smith_table":2,"minecraft:moss_block":3,"minecraft:oak_planks":11,"brewery:beer_hops":5,"minecraft:music_disc_13":1,"alexscaves:amber_curiosity":1,"butchersdelight:skullcow":2,"butchersdelight:cow_hide":13,"minecraft:jungle_planks":2,"minecraft:sand":1,"butchersdelightfoods:beefribs":5,"alexsmobs:animal_dictionary":1,"minecraft:barrel":2,"minecraft:mossy_cobblestone":1,"minecraft:diamond":4,"minecraft:dead_brain_coral_block":33,"minecraft:crossbow":1,"minecraft:bread":30,"alexsmobs:maggot":2,"minecraft:rooted_dirt":36,"pfm:furniture_book":1,"butchersdelight:hook":1,"minecraft:coarse_dirt":3,"minecraft:crafting_table":7,"minecraft:allium":4,"alexscaves:primal_magma":2,"minecraft:clay_ball":107,"minecraft:golden_pickaxe":1,"spartanweaponry:cave_spider_head":5,"minecraft:brown_mushroom":2,"tacz:ammo":72,"alexscaves:dinosaur_chop":3,"butchersdelight:dead_cow":16,"minecraft:candle":3,"minecraft:beef":2,"minecraft:light_gray_wool":6,"minecraft:poppy":1,"minecraft:chest":3,"minecraft:sugar_cane":30,"minecraft:egg":1,"minecraft:raw_iron":59,"minecraft:sandstone":1,"alexscaves:guanostone":2,"alexscaves:cycad":3,"minecraft:music_disc_mellohi":1,"spartanweaponry:spider_head":3,"alexsmobs:leafcutter_ant_pupa":2,"spartanweaponry:iron_halberd":1,"minecraft:arrow":15,"butchersdelight:deadsheep":3,"alexscaves:dark_tatters":4,"minecraft:hay_block":11,"alexscaves:spelunkery_table":1,"brewery:corn":6,"pfm:cherry_pink_classic_bed":2,"minecraft:gold_ingot":2,"alexscaves:vesper_wing":1,"minecraft:glow_berries":1,"minecraft:skeleton_skull":1,"minecraft:white_wool":3,"minecraft:stripped_oak_log":3,"minecraft:jungle_boat":5,"alexscaves:pewen_log":2,"minecraft:leather":1,"minecraft:fern":1,"spartanweaponry:iron_longsword":1,"alexscaves:forsaken_idol":1,"minecraft:filled_map":1,"minecraft:packed_mud":14,"alexscaves:limestone":135,"brewery:wooden_brewingstation":1,"minecraft:oak_log":1,"minecraft:gunpowder":6,"alexscaves:ambersol":1,"brewery:brewfest_dress":1,"alexscaves:amber":73,"minecraft:iron_ingot":26,"minecraft:stone_pickaxe":1,"alexscaves:curly_fern":5,"alexscaves:coprolith":1,"minecraft:iron_sword":1,"minecraft:pink_bed":1,"bakery:strawberry":4,"minecraft:smooth_basalt":19,"minecraft:gravel":51,"minecraft:amethyst_shard":2,"minecraft:spider_eye":6,"travelersbackpack:standard":3,"butchersdelight:sheephide":1,"pfm:wall_toilet_paper":1,"tacz:modern_kinetic_gun":1,"minecraft:honey_block":1,"alexscaves:cave_map":3,"minecraft:baked_potato":41,"minecraft:coal":47},"minecraft:crafted":{"minecraft:smooth_stone":3,"spartanweaponry:iron_scythe":1,"brewery:beer_mug":8,"pfm:cherry_pink_classic_bed":2,"minecraft:chest":10,"alexscaves:primitive_club":1,"minecraft:cherry_fence":3,"alexscaves:cave_book":1,"minecraft:cauldron":2,"minecraft:crafting_table":2,"farmersdelight:iron_knife":1,"minecraft:jungle_boat":1,"travelersbackpack:standard":1,"minecraft:baked_potato":27,"minecraft:copper_ingot":50,"butchersdelight:cleaver":1,"pfm:working_table":1,"farmersdelight:cutting_board":1,"minecraft:book":1,"minecraft:paper":15,"minecraft:stick":31,"minecraft:iron_ingot":51,"minecraft:iron_pickaxe":3,"minecraft:iron_block":1,"brewery:wooden_brewingstation":1,"minecraft:shears":1,"minecraft:cherry_planks":128,"minecraft:iron_nugget":54,"alexscaves:dinosaur_nugget":24,"brewery:pretzel":84,"minecraft:furnace":2,"minecraft:blast_furnace":1,"alexscaves:cave_map":2,"minecraft:iron_axe":2,"minecraft:stone_pickaxe":1,"minecraft:wheat":99,"brewery:silo_wood":2,"minecraft:red_dye":1,"alexscaves:cooked_dinosaur_chop":2,"spartanweaponry:pole":2,"butchersdelight:hook":1,"brewery:bench":4,"tacz:gun_smith_table":1,"minecraft:bucket":1,"minecraft:stone_axe":2,"minecraft:acacia_boat":1,"minecraft:air":0,"minecraft:jungle_planks":56,"minecraft:gold_nugget":9,"spartanweaponry:copper_scythe":1,"minecraft:wooden_axe":1,"brewery:table":2,"minecraft:iron_shovel":1,"minecraft:acacia_planks":12},"minecraft:broken":{"minecraft:stone_pickaxe":2,"minecraft:golden_sword":1,"minecraft:stone_axe":1,"minecraft:golden_chestplate":1,"spartanweaponry:copper_scythe":1,"minecraft:leather_boots":1,"minecraft:iron_pickaxe":1},"minecraft:dropped":{"minecraft:iron_sword":1,"minecraft:candle":3,"minecraft:moss_block":1,"minecraft:oak_log":1,"minecraft:baked_potato":1,"minecraft:diamond":1,"alexscaves:curly_fern":4,"minecraft:crossbow":1,"minecraft:rooted_dirt":2,"brewery:brewfest_dress":2,"minecraft:jungle_planks":3,"farmersdelight:rice":5,"minecraft:dirt":2,"minecraft:dark_oak_trapdoor":1,"alexscaves:dinosaur_nugget":18,"alexscaves:cave_map":3,"minecraft:sand":1,"spartanweaponry:cave_spider_head":3,"butchersdelight:cow_hide":12,"minecraft:bone":1,"minecraft:stone_axe":1,"butchersdelight:deadsheep":2,"minecraft:rotten_flesh":2,"minecraft:fern":1,"minecraft:leather_chestplate":2,"supplementaries:flax_seeds":4,"supplementaries:ash":9,"brewery:hops":3,"minecraft:azalea":2,"brewery:beer_hops":4,"minecraft:glass":9,"minecraft:cherry_fence":1,"minecraft:iron_ingot":14,"minecraft:wheat_seeds":4,"butchersdelight:sheephide":1,"minecraft:oak_fence":2,"minecraft:cobblestone":10,"minecraft:grass_block":1,"alexscaves:coprolith":1,"minecraft:coal":4,"bakery:strawberry_seeds":2,"minecraft:wooden_axe":3,"minecraft:cherry_planks":64,"alexscaves:limestone":7,"tacz:modern_kinetic_gun":1,"minecraft:iron_axe":1,"alexscaves:guanostone":2,"butchersdelight:deadpig":3,"minecraft:pink_petals":19,"minecraft:bucket":1,"brewery:beer_mug":1,"alexscaves:guano":3,"alexsmobs:maggot":2,"minecraft:raw_copper":1,"spartanweaponry:iron_halberd":1,"farmersdelight:cabbage_seeds":2,"minecraft:stripped_oak_log":1,"minecraft:allium":3,"minecraft:wooden_shovel":1,"brewery:hops_seeds":2,"tacz:ammo":45,"minecraft:sandstone":1,"minecraft:stone_pickaxe":1},"minecraft:custom":{"minecraft:interact_with_crafting_table":75,"minecraft:open_barrel":73,"minecraft:leave_game":24,"minecraft:time_since_death":43503,"minecraft:sprint_one_cm":592181,"minecraft:drop":115,"minecraft:talked_to_villager":2,"minecraft:use_bathtub":3,"minecraft:play_time":638173,"minecraft:deaths":24,"minecraft:jump":5654,"minecraft:walk_on_water_one_cm":118321,"minecraft:interact_with_furnace":34,"minecraft:interact_with_cartography_table":1,"minecraft:interact_with_loom":6,"minecraft:sleep_in_bed":13,"minecraft:damage_dealt":19954,"minecraft:crouch_one_cm":17771,"minecraft:interact_with_smoker":10,"minecraft:use_cauldron":1,"minecraft:mob_kills":89,"minecraft:fill_cauldron":1,"minecraft:climb_one_cm":8757,"minecraft:walk_one_cm":1678469,"minecraft:sneak_time":7792,"minecraft:walk_under_water_one_cm":128107,"minecraft:boat_one_cm":714399,"minecraft:interact_with_blast_furnace":10,"minecraft:total_world_time":638640,"minecraft:toilet_used":20,"minecraft:time_since_rest":18958,"minecraft:damage_taken":9131,"minecraft:damage_absorbed":80,"minecraft:swim_one_cm":208820,"minecraft:fly_one_cm":777202,"minecraft:open_chest":272,"minecraft:fall_one_cm":112573},"minecraft:killed_by":{"minecraft:creeper":3,"minecraft:pillager":1,"minecraft:cave_spider":1,"minecraft:zombie":2,"alexscaves:tremorsaurus":2,"minecraft:player":2,"minecraft:spider":1,"alexscaves:vallumraptor":6,"alexscaves:vesper":3,"minecraft:skeleton":1,"alexscaves:underzealot":1},"minecraft:killed":{"minecraft:cave_spider":13,"alexscaves:gloomoth":1,"minecraft:spider":12,"minecraft:skeleton":15,"alexscaves:underzealot":5,"alexsmobs:leafcutter_ant":2,"minecraft:zombie_villager":2,"minecraft:creeper":4,"minecraft:pillager":3,"minecraft:zombie":15,"alexscaves:trilocaris":1,"alexscaves:vallumraptor":8,"alexscaves:tremorsaurus":2,"alexscaves:vesper":3,"alexscaves:grottoceratops":1},"minecraft:mined":{"brewery:brew_whistle":1,"alexscaves:guanostone":19,"minecraft:pink_bed":1,"minecraft:cherry_log":36,"alexsmobs:leafcutter_anthill":1,"alexscaves:limestone":80,"minecraft:budding_amethyst":1,"minecraft:grass_block":12,"minecraft:jungle_log":32,"alexscaves:coprolith":8,"tacz:gun_smith_table":1,"minecraft:spawner":2,"farmersdelight:wild_rice":5,"minecraft:iron_ore":54,"minecraft:cobbled_deepslate":6,"minecraft:fire":1,"pfm:cherry_pink_classic_bed":2,"alexscaves:ambersol":1,"minecraft:azalea_leaves":36,"alexscaves:amber":7,"brewery:wild_hops":1,"minecraft:clay":21,"alexscaves:dinosaur_chop":1,"minecraft:torch":5,"alexscaves:thornwood_wood":1,"minecraft:calcite":20,"minecraft:poppy":1,"minecraft:chest":2,"supplementaries:wild_flax":1,"minecraft:cobblestone":6,"minecraft:sugar_cane":14,"minecraft:oak_planks":3,"minecraft:wall_torch":4,"minecraft:amethyst_block":17,"minecraft:pink_petals":2,"minecraft:jungle_wood":9,"farmersdelight:cutting_board":1,"minecraft:grass":2,"butchersdelight:hook":1,"minecraft:oak_log":4,"brewery:beer_mug":5,"minecraft:dirt":28,"minecraft:smooth_basalt":19,"minecraft:oak_leaves":12,"minecraft:deepslate":17,"alexscaves:primal_magma":2,"minecraft:mossy_cobblestone":1,"minecraft:deepslate_diamond_ore":3,"alexscaves:pewen_log":2,"minecraft:crimson_roots":1,"alexsmobs:leafcutter_ant_chamber":21,"farmersdelight:wild_cabbages":1,"minecraft:moss_block":2,"minecraft:sandstone":1,"minecraft:rooted_dirt":13,"minecraft:large_fern":2,"minecraft:hay_block":11,"minecraft:packed_mud":16,"minecraft:andesite":66,"minecraft:stripped_oak_log":2,"alexscaves:curly_fern":1,"minecraft:bamboo":5,"minecraft:stone":384,"minecraft:cherry_planks":1,"travelersbackpack:standard":2,"minecraft:oak_fence":3,"minecraft:crafting_table":6,"bakery:wild_strawberries":7,"brewery:corn_crop":5,"minecraft:tall_grass":1,"minecraft:copper_ore":16,"supplementaries:urn":10,"brewery:table":2,"minecraft:sweet_berry_bush":8,"minecraft:coal_ore":48,"alexscaves:cycad":1,"minecraft:cherry_leaves":4,"minecraft:gravel":41,"minecraft:cobweb":50,"minecraft:fern":4},"minecraft:used":{"pfm:cherry_pink_classic_bed":6,"minecraft:moss_block":2,"minecraft:iron_shovel":70,"minecraft:chest":14,"butchersdelight:hook":1,"alexscaves:thornwood_wood":1,"alexsmobs:medium_catfish_bucket":1,"spartanweaponry:cave_spider_head":2,"pfm:thornwood_alexscaves_red_classic_bed":1,"minecraft:jungle_planks":3,"minecraft:allium":1,"bakery:iron_chair":1,"alexscaves:moth_ball":3,"pfm:dark_wood_table_classic":5,"minecraft:grass_block":81,"minecraft:packed_mud":7,"minecraft:golden_sword":32,"farmersdelight:cutting_board":2,"minecraft:bow":4,"pfm:dark_wood_table_basic":4,"minecraft:egg":1,"handcrafted:dark_oak_table":4,"handcrafted:yellow_crockery_combo":1,"minecraft:oak_planks":4,"minecraft:stone_pickaxe":258,"pfm:wall_toilet_paper":1,"brewery:corn_seeds":5,"minecraft:jungle_boat":4,"minecraft:smooth_quartz_stairs":12,"minecraft:white_wool":3,"minecraft:golden_apple":2,"pfm:dark_wood_modern_stool":3,"alexscaves:cave_book":6,"pfm:stripped_cherry_chair_modern":2,"minecraft:blast_furnace":1,"handcrafted:bench":1,"minecraft:shears":1,"minecraft:lever":1,"pfm:working_table":1,"minecraft:stone_button":2,"minecraft:melon_slice":1,"spartanweaponry:copper_scythe":148,"minecraft:bread":43,"minecraft:gravel":16,"brewery:bench":4,"pfm:cherry_chair_modern":2,"alexscaves:cycad":1,"pfm:white_shower_towel":3,"handcrafted:white_bowl":1,"minecraft:andesite":1,"alexsmobs:leafcutter_ant_chamber":19,"spartanweaponry:iron_scythe":77,"pfm:basic_bathtub":2,"brewery:wooden_brewingstation":2,"alexscaves:forsaken_idol":1,"tacz:gun_smith_table":3,"spartanweaponry:iron_halberd":2,"pfm:glass_modern_pendant":1,"minecraft:dirt":25,"minecraft:torch":86,"brewery:beer_hops":28,"minecraft:golden_chestplate":1,"minecraft:dark_oak_planks":3,"minecraft:wooden_axe":48,"brewery:table":4,"butchersdelight:cleaver":12,"minecraft:iron_axe":103,"minecraft:rooted_dirt":30,"minecraft:jungle_log":10,"pfm:cherry_chair_dinner":1,"alexscaves:spelunkery_table":1,"minecraft:white_stained_glass_pane":10,"brewery:pretzel":6,"minecraft:cobbled_deepslate":10,"minecraft:cherry_log":2,"pfm:basic_shower_head":4,"minecraft:water_bucket":3,"minecraft:acacia_boat":1,"pfm:simple_light":1,"alexscaves:dinosaur_chop":1,"pfm:basic_sink":2,"minecraft:baked_potato":1,"minecraft:cherry_planks":22,"brewery:silo_wood":2,"handcrafted:cherry_fancy_bed":1,"supplementaries:timber_frame":5,"alexscaves:primitive_club":3,"minecraft:crafting_table":9,"supplementaries:bomb":1,"alexscaves:curly_fern":1,"bakery:strawberry":13,"alexsmobs:flying_fish":1,"pfm:thornwood_alexscaves_red_simple_bed":1,"minecraft:iron_pickaxe":604,"minecraft:leather_helmet":3,"pfm:oak_chair":1,"minecraft:stone_axe":99,"minecraft:pink_petals":7,"brewery:beer_mug":3,"minecraft:cobblestone":38,"travelersbackpack:standard":8,"pfm:dark_wood_chair_dinner":9,"minecraft:bucket":17,"alexsmobs:animal_dictionary":1,"pfm:basic_toilet":4}},"DataVersion":3465}