{"stats":{"minecraft:mined":{"brewery:brew_whistle":1,"alexscaves:guanostone":19,"minecraft:pink_bed":1,"vinery:dark_cherry_leaves":26,"minecraft:cherry_log":37,"alexsmobs:leafcutter_anthill":1,"alexscaves:limestone":80,"minecraft:budding_amethyst":1,"minecraft:grass_block":13,"minecraft:jungle_log":59,"alexscaves:coprolith":8,"tacz:gun_smith_table":1,"minecraft:spawner":2,"herbalbrews:copper_tea_kettle":1,"minecraft:iron_ore":71,"farmersdelight:wild_rice":5,"minecraft:fire":2,"minecraft:cobbled_deepslate":6,"pfm:dark_wood_modern_stool":4,"vinery:creepers_crush":3,"pfm:cherry_pink_classic_bed":2,"alexscaves:ambersol":1,"minecraft:azalea_leaves":36,"vinery:jungle_grape_bush_red":1,"alexscaves:amber":7,"brewery:wild_hops":1,"minecraft:clay":24,"alexscaves:dinosaur_chop":1,"minecraft:torch":7,"alexscaves:thornwood_wood":1,"vinery:knulp_wine":4,"minecraft:calcite":20,"minecraft:poppy":1,"minecraft:chest":2,"supplementaries:wild_flax":1,"minecraft:cobblestone":6,"minecraft:oak_planks":3,"minecraft:sugar_cane":19,"minecraft:wall_torch":9,"minecraft:amethyst_block":17,"minecraft:pink_petals":2,"vinery:cherry_lattice":3,"minecraft:jungle_wood":9,"farmersdelight:cutting_board":1,"minecraft:wheat":2,"herbalbrews:wild_rooibos_plant":5,"minecraft:grass":12,"butchersdelight:hook":1,"minecraft:oak_log":4,"brewery:beer_mug":5,"minecraft:dirt":28,"minecraft:mangrove_log":2,"minecraft:smooth_basalt":19,"minecraft:oak_leaves":12,"minecraft:deepslate":23,"alexscaves:primal_magma":2,"minecraft:mossy_cobblestone":1,"minecraft:deepslate_diamond_ore":3,"herbalbrews:hibiscus":13,"alexscaves:pewen_log":2,"minecraft:crimson_roots":1,"vinery:dark_cherry_sapling":2,"alexsmobs:leafcutter_ant_chamber":21,"farmersdelight:wild_cabbages":1,"minecraft:moss_block":5,"minecraft:sandstone":1,"minecraft:rooted_dirt":13,"minecraft:large_fern":2,"minecraft:hay_block":11,"minecraft:packed_mud":16,"minecraft:andesite":66,"minecraft:deepslate_iron_ore":18,"minecraft:vine":5,"minecraft:stripped_oak_log":2,"vinery:grapevine_stem":4,"alexscaves:curly_fern":1,"minecraft:bamboo":5,"minecraft:stone":419,"minecraft:white_wool":1,"minecraft:cherry_planks":1,"vinery:dark_cherry_log":6,"travelersbackpack:standard":2,"minecraft:oak_fence":3,"minecraft:crafting_table":6,"bakery:wild_strawberries":7,"brewery:corn_crop":5,"minecraft:copper_ore":16,"minecraft:tall_grass":4,"supplementaries:urn":20,"brewery:table":2,"minecraft:sweet_berry_bush":8,"minecraft:coal_ore":73,"minecraft:cocoa":20,"alexscaves:cycad":1,"minecraft:cherry_leaves":4,"minecraft:gravel":41,"minecraft:cobweb":50,"minecraft:fern":4},"minecraft:killed":{"alexsmobs:lobster":1,"minecraft:cave_spider":13,"alexscaves:gloomoth":1,"minecraft:spider":15,"minecraft:skeleton":39,"alexscaves:underzealot":5,"alexsmobs:leafcutter_ant":2,"minecraft:tropical_fish":1,"minecraft:zombie_villager":2,"minecraft:creeper":15,"minecraft:pillager":4,"minecraft:zombie":61,"alexscaves:trilocaris":1,"alexsmobs:komodo_dragon":2,"alexscaves:vallumraptor":8,"alexscaves:tremorsaurus":2,"alexscaves:vesper":3,"alexsmobs:seagull":1,"alexsmobs:emu":1,"alexscaves:grottoceratops":1,"minecraft:enderman":3},"minecraft:killed_by":{"minecraft:creeper":3,"minecraft:pillager":1,"minecraft:cave_spider":1,"minecraft:zombie":4,"alexsmobs:komodo_dragon":1,"alexscaves:tremorsaurus":2,"minecraft:player":3,"minecraft:spider":1,"minecraft:enderman":1,"alexscaves:vallumraptor":6,"alexscaves:vesper":3,"minecraft:skeleton":1,"alexscaves:underzealot":1},"minecraft:used":{"minecraft:moss_block":2,"handcrafted:bricks_corner_trim":9,"minecraft:polished_deepslate":10,"supplementaries:turn_table":15,"vinery:red_wine":4,"minecraft:iron_shovel":70,"minecraft:chest":14,"minecraft:stone":2,"butchersdelight:hook":1,"alexscaves:thornwood_wood":1,"alexsmobs:medium_catfish_bucket":1,"herbalbrews:witch_hat":1,"supplementaries:globe":5,"pfm:xbox_fridge":1,"spartanweaponry:iron_javelin":9,"minecraft:cocoa_beans":19,"spartanweaponry:cave_spider_head":2,"minecraft:brick_slab":24,"minecraft:jungle_planks":3,"pfm:thornwood_alexscaves_red_classic_bed":1,"vinery:creepers_crush":8,"minecraft:allium":1,"vinery:dark_cherry_sapling":4,"vinery:dark_cherry_chair":2,"pfm:iron_toaster":3,"minecraft:glass":2,"handcrafted:crimson_bench":1,"bakery:iron_chair":1,"minecraft:mangrove_stairs":11,"minecraft:grass_block":122,"minecraft:bricks":51,"handcrafted:granite_pillar_trim":11,"alexscaves:moth_ball":3,"pfm:dark_wood_table_classic":5,"minecraft:lantern":5,"minecraft:packed_mud":7,"vinery:straw_hat":1,"vinery:knulp_wine":12,"minecraft:golden_sword":32,"pfm:white_freezer":1,"farmersdelight:cutting_board":2,"minecraft:bow":4,"pfm:dark_wood_table_basic":4,"minecraft:furnace":1,"minecraft:egg":1,"handcrafted:dark_oak_table":4,"minecraft:stone_pickaxe":258,"minecraft:glow_berries":17,"pfm:kitchen_stovetop":3,"brewery:corn_seeds":5,"pfm:wall_toilet_paper":3,"handcrafted:yellow_crockery_combo":4,"minecraft:oak_planks":4,"pfm:jungle_log_stool":3,"minecraft:mangrove_planks":91,"supplementaries:notice_board":4,"minecraft:ender_pearl":1,"minecraft:smooth_quartz_stairs":12,"minecraft:jungle_boat":4,"pfm:netherite_table_dinner":1,"minecraft:golden_apple":2,"minecraft:white_wool":4,"pfm:dark_wood_modern_stool":10,"alexscaves:cave_book":12,"pfm:stripped_cherry_chair_modern":2,"minecraft:blast_furnace":2,"supplementaries:candle_holder_white":10,"handcrafted:bench":1,"minecraft:shears":23,"minecraft:melon_slice":1,"vinery:stal_wine":2,"pfm:iron_oven_range_hood":4,"pfm:deepslate_tile_kitchen_cabinet":1,"minecraft:lever":8,"minecraft:bread":43,"pfm:working_table":1,"minecraft:stone_button":2,"spartanweaponry:copper_scythe":148,"supplementaries:clock_block":5,"supplementaries:stone_lamp":1,"supplementaries:iron_gate":7,"minecraft:gravel":16,"brewery:bench":4,"pfm:cherry_chair_modern":2,"alexscaves:cycad":1,"minecraft:andesite":1,"alexsmobs:leafcutter_ant_chamber":19,"herbalbrews:jug":5,"supplementaries:checker_block":33,"pfm:white_shower_towel":3,"vinery:dark_cherry_wine_rack_big":4,"handcrafted:white_bowl":1,"spartanweaponry:iron_scythe":114,"minecraft:bone_meal":39,"herbalbrews:copper_tea_kettle":4,"herbalbrews:hibiscus":5,"pfm:basic_bathtub":2,"minecraft:iron_bars":17,"brewery:wooden_brewingstation":2,"handcrafted:fancy_painting":26,"alexsmobs:rainbow_glass":18,"minecraft:armor_stand":1,"alexscaves:thornwood_planks":248,"supplementaries:crystal_display":6,"alexscaves:forsaken_idol":1,"handcrafted:yellow_cushion":1,"tacz:gun_smith_table":3,"spartanweaponry:iron_halberd":2,"pfm:trashcan":4,"vinery:jungle_grapes_red":2,"brewery:beer_hops":28,"minecraft:torch":94,"pfm:glass_modern_pendant":4,"minecraft:dirt":25,"minecraft:anvil":1,"vinery:dark_cherry_table":1,"minecraft:golden_chestplate":1,"handcrafted:wood_crockery_combo":1,"minecraft:dark_oak_planks":215,"herbalbrews:rooibos_leaf":3,"minecraft:andesite_wall":2,"vinery:winemaker_boots":1,"handcrafted:terracotta_crockery_combo":1,"supplementaries:pedestal":3,"minecraft:wooden_axe":48,"brewery:table":4,"butchersdelight:cleaver":15,"minecraft:rooted_dirt":30,"minecraft:iron_axe":151,"minecraft:brick_stairs":34,"minecraft:jungle_log":15,"vinery:grapevine_stem":5,"pfm:cherry_chair_dinner":1,"alexscaves:spelunkery_table":2,"brewery:pretzel":6,"minecraft:water_bucket":10,"alexsmobs:lobster_bucket":4,"minecraft:white_stained_glass_pane":10,"vinery:dark_cherry_wine_rack_mid":2,"supplementaries:statue":1,"pfm:basic_lamp":2,"minecraft:cobbled_deepslate":13,"minecraft:cherry_fence":4,"minecraft:cherry_log":6,"pfm:basic_shower_head":4,"spartanweaponry:illager_head":3,"supplementaries:blackboard":5,"minecraft:wheat_seeds":2,"alexscaves:dinosaur_nugget":6,"minecraft:acacia_boat":1,"vinery:white_jungle_grapejuice":2,"pfm:simple_light":1,"vinery:window":12,"alexscaves:dinosaur_chop":1,"herbalbrews:hibiscus_tea":1,"minecraft:baked_potato":26,"supplementaries:blackstone_lamp":3,"pfm:basic_sink":2,"handcrafted:phantom_trophy":3,"minecraft:cherry_planks":107,"brewery:silo_wood":2,"handcrafted:cherry_fancy_bed":1,"supplementaries:timber_frame":5,"supplementaries:deepslate_lamp":1,"alexscaves:primitive_club":3,"minecraft:vine":1,"minecraft:crafting_table":9,"supplementaries:bomb":1,"alexscaves:curly_fern":1,"bakery:strawberry":13,"minecraft:campfire":2,"spartanweaponry:iron_katana":6,"minecraft:smoker":1,"vinery:jungle_grapes_white":1,"alexsmobs:flying_fish":1,"pfm:thornwood_alexscaves_red_simple_bed":1,"handcrafted:blue_crockery_combo":3,"minecraft:cherry_door":2,"vinery:winemaker_apron":1,"handcrafted:granite_corner_trim":22,"minecraft:iron_pickaxe":722,"supplementaries:sign_post_cherry":5,"handcrafted:white_crockery_combo":2,"minecraft:leather_helmet":3,"vinery:dark_cherry_leaves":6,"vinery:fermentation_barrel":1,"pfm:oak_chair":1,"farmersdelight:pink_canvas_sign":2,"minecraft:stone_axe":99,"vinery:winemaker_leggings":1,"minecraft:pink_petals":7,"brewery:beer_mug":3,"minecraft:cobblestone":57,"minecraft:cherry_stairs":4,"vinery:cherry_lattice":27,"travelersbackpack:standard":8,"herbalbrews:stove":1,"pfm:dark_wood_chair_dinner":9,"vinery:grapevine_pot":1,"minecraft:bucket":26,"minecraft:glass_pane":3,"alexsmobs:animal_dictionary":1,"pfm:basic_toilet":4,"butchersdelight:rack":1,"alexscaves:flytrap":3,"pfm:basic_plate":5,"pfm:cherry_pink_classic_bed":8,"handcrafted:bricks_pillar_trim":5},"minecraft:broken":{"minecraft:stone_pickaxe":2,"minecraft:golden_sword":1,"minecraft:stone_axe":1,"minecraft:golden_chestplate":1,"spartanweaponry:copper_scythe":1,"minecraft:leather_boots":1,"minecraft:iron_pickaxe":2},"minecraft:custom":{"minecraft:interact_with_crafting_table":95,"minecraft:open_barrel":284,"minecraft:leave_game":32,"minecraft:time_since_death":43051,"minecraft:sprint_one_cm":1048054,"minecraft:drop":177,"minecraft:talked_to_villager":3,"minecraft:use_bathtub":3,"minecraft:play_time":1064885,"minecraft:deaths":33,"minecraft:jump":8722,"minecraft:walk_on_water_one_cm":136388,"minecraft:interact_with_furnace":41,"minecraft:interact_with_cartography_table":1,"minecraft:interact_with_loom":14,"minecraft:stove_opened":7,"minecraft:sleep_in_bed":36,"minecraft:damage_dealt":23588,"minecraft:crouch_one_cm":32593,"minecraft:interact_with_smoker":11,"minecraft:use_cauldron":1,"minecraft:interact_with_anvil":1,"minecraft:mob_kills":184,"minecraft:fill_cauldron":1,"minecraft:climb_one_cm":24823,"minecraft:walk_one_cm":2800823,"minecraft:fridge_opened":6,"minecraft:chair_used":3,"minecraft:sink_filled":1,"minecraft:sneak_time":13920,"minecraft:walk_under_water_one_cm":137355,"minecraft:boat_one_cm":714399,"minecraft:interact_with_blast_furnace":25,"minecraft:total_world_time":1065352,"minecraft:toilet_used":20,"minecraft:trashcan_opened":6,"minecraft:time_since_rest":4271,"minecraft:cabinet_searched":4,"minecraft:damage_taken":13323,"minecraft:damage_absorbed":80,"minecraft:swim_one_cm":238079,"minecraft:freezer_opened":7,"minecraft:fly_one_cm":1330751,"minecraft:open_chest":348,"minecraft:fall_one_cm":176810},"minecraft:crafted":{"vinery:red_wine":1,"minecraft:smooth_stone":3,"minecraft:barrel":1,"spartanweaponry:iron_scythe":1,"brewery:beer_mug":8,"vinery:jungle_grape_seeds_white":12,"butchersdelight:rack":1,"pfm:cherry_pink_classic_bed":2,"minecraft:bow":2,"minecraft:chest":10,"alexscaves:primitive_club":1,"minecraft:cherry_fence":3,"alexscaves:cave_book":1,"vinery:wine_bottle":24,"minecraft:glass_bottle":12,"minecraft:cauldron":2,"vinery:grapevine_stem":4,"minecraft:crafting_table":2,"vinery:dark_cherry_planks":24,"farmersdelight:iron_knife":1,"herbalbrews:hibiscus_tea":3,"minecraft:jungle_boat":1,"travelersbackpack:standard":1,"minecraft:baked_potato":27,"minecraft:red_wool":9,"minecraft:copper_ingot":79,"butchersdelight:cleaver":1,"pfm:working_table":1,"farmersdelight:cutting_board":1,"minecraft:book":1,"minecraft:paper":18,"minecraft:charcoal":9,"minecraft:stick":39,"minecraft:iron_ingot":97,"minecraft:iron_pickaxe":3,"minecraft:iron_block":1,"minecraft:gold_ingot":80,"brewery:wooden_brewingstation":1,"vinery:winemaker_apron":1,"vinery:jungle_grape_seeds_red":11,"vinery:winemaker_leggings":1,"minecraft:shears":1,"minecraft:cherry_planks":132,"vinery:creepers_crush":1,"minecraft:iron_nugget":54,"alexscaves:dinosaur_nugget":24,"brewery:pretzel":84,"vinery:grapevine_pot":1,"minecraft:furnace":2,"minecraft:blast_furnace":1,"minecraft:bone_meal":9,"alexscaves:cave_map":2,"vinery:knulp_wine":1,"vinery:fermentation_barrel":1,"minecraft:leather":2,"minecraft:iron_axe":2,"minecraft:stone_pickaxe":1,"vinery:stal_wine":1,"minecraft:wheat":99,"brewery:silo_wood":2,"minecraft:sugar":12,"minecraft:red_dye":10,"vinery:dark_cherry_slab":6,"alexscaves:cooked_dinosaur_chop":2,"vinery:cherry_lattice":8,"spartanweaponry:pole":2,"butchersdelight:hook":1,"brewery:bench":4,"tacz:gun_smith_table":1,"minecraft:bucket":1,"minecraft:stone_axe":2,"minecraft:acacia_boat":1,"minecraft:air":0,"minecraft:jungle_planks":56,"minecraft:blue_dye":2,"vinery:straw_hat":1,"minecraft:gold_nugget":9,"spartanweaponry:copper_scythe":1,"minecraft:gunpowder":3,"minecraft:wooden_axe":1,"brewery:table":2,"minecraft:blue_wool":2,"minecraft:iron_shovel":1,"minecraft:acacia_planks":12},"minecraft:dropped":{"minecraft:clay":1,"minecraft:iron_sword":1,"minecraft:candle":3,"minecraft:moss_block":4,"herbalbrews:hibiscus_tea":5,"minecraft:oak_log":1,"minecraft:baked_potato":1,"minecraft:diamond":1,"alexscaves:curly_fern":4,"minecraft:crossbow":1,"minecraft:lantern":2,"minecraft:rooted_dirt":2,"brewery:brewfest_dress":2,"minecraft:jungle_planks":3,"farmersdelight:rice":5,"minecraft:dirt":2,"minecraft:dark_oak_trapdoor":1,"alexscaves:dinosaur_nugget":18,"alexscaves:cave_map":3,"supplementaries:turn_table":4,"minecraft:sand":1,"minecraft:iron_pickaxe":11,"spartanweaponry:cave_spider_head":3,"butchersdelight:cow_hide":12,"minecraft:bone":1,"minecraft:stone_axe":1,"minecraft:lever":9,"minecraft:cobbled_deepslate":3,"butchersdelight:deadsheep":2,"minecraft:rotten_flesh":19,"minecraft:fern":1,"minecraft:leather_chestplate":2,"supplementaries:flax_seeds":4,"supplementaries:ash":14,"brewery:hops":3,"minecraft:skeleton_skull":2,"minecraft:azalea":2,"brewery:beer_hops":4,"minecraft:glass":9,"minecraft:cherry_fence":1,"minecraft:iron_ingot":14,"minecraft:water_bucket":1,"minecraft:wheat_seeds":6,"butchersdelight:sheephide":1,"minecraft:oak_fence":2,"minecraft:cobblestone":26,"vinery:jungle_grape_seeds_red":1,"minecraft:grass_block":1,"minecraft:coal":11,"alexscaves:coprolith":1,"bakery:strawberry_seeds":2,"minecraft:wooden_axe":3,"minecraft:cherry_planks":64,"alexscaves:limestone":7,"tacz:modern_kinetic_gun":1,"minecraft:white_banner":1,"minecraft:iron_axe":1,"alexscaves:guanostone":2,"butchersdelight:deadpig":5,"minecraft:pink_petals":19,"minecraft:bucket":2,"brewery:beer_mug":1,"bakery:rolling_pin":1,"alexscaves:guano":3,"alexsmobs:maggot":2,"minecraft:raw_copper":1,"spartanweaponry:iron_halberd":1,"farmersdelight:cabbage_seeds":2,"vinery:jungle_grapes_white":1,"supplementaries:globe":1,"minecraft:stripped_oak_log":1,"herbalbrews:witch_hat":1,"chiselsandbits:chisel_stone":1,"minecraft:allium":3,"minecraft:wooden_shovel":1,"brewery:hops_seeds":2,"tacz:ammo":45,"minecraft:sandstone":1,"supplementaries:statue":1,"minecraft:stone_pickaxe":1},"minecraft:picked_up":{"minecraft:wooden_axe":3,"brewery:table":2,"minecraft:wheat":2,"butchersdelightfoods:legcow":9,"brewery:dried_corn":5,"minecraft:lead":2,"farmersdelight:rice_panicle":1,"bakery:strawberry_seeds":2,"minecraft:amethyst_block":17,"farmersdelight:cutting_board":1,"minecraft:string":73,"minecraft:music_disc_cat":1,"spartanweaponry:iron_katana":1,"minecraft:dark_oak_trapdoor":1,"minecraft:raw_copper":59,"minecraft:zombie_head":6,"brewery:hops":37,"minecraft:cobbled_deepslate":29,"minecraft:bucket":2,"farmersdelight:cabbage":1,"vinery:knulp_wine":4,"herbalbrews:rooibos_leaf":5,"minecraft:white_tulip":1,"handcrafted:cyan_sheet":1,"minecraft:calcite":19,"minecraft:azalea":2,"minecraft:iron_pickaxe":11,"minecraft:melon_slice":1,"minecraft:mangrove_log":2,"farmersdelight:cabbage_seeds":2,"alexsmobs:leafcutter_ant_chamber":19,"minecraft:furnace":1,"minecraft:stick":5,"alexscaves:thornwood_wood":1,"minecraft:oak_fence":4,"minecraft:torch":73,"alexscaves:heavy_bone":5,"alexsmobs:lobster_bucket":1,"minecraft:porkchop":1,"minecraft:honeycomb_block":1,"minecraft:cherry_log":35,"minecraft:vine":1,"bakery:rolling_pin":1,"minecraft:rotten_flesh":25,"minecraft:tropical_fish":1,"butchersdelightfoods:ham":2,"farmersdelight:rope":36,"alexsmobs:emu_egg":1,"supplementaries:ash":32,"vinery:dark_cherry_log":6,"alexsmobs:flying_fish":1,"minecraft:cobblestone":494,"minecraft:pink_petals":245,"butchersdelightfoods:beeftenderloin":6,"minecraft:leather_chestplate":1,"brewery:beer_mug":9,"farmersdelight:rice":5,"minecraft:cherry_planks":9,"minecraft:cherry_leaves":25,"minecraft:andesite":66,"minecraft:jungle_log":59,"minecraft:jungle_wood":9,"minecraft:smoker":1,"pfm:glass_modern_pendant":1,"butchersdelight:deadpig":6,"minecraft:flint":5,"brewery:corn_seeds":16,"supplementaries:flax_seeds":5,"vinery:cherry_lattice":3,"pfm:white_shower_towel":1,"minecraft:cherry_door":2,"farmersdelight:tomato":1,"supplementaries:turn_table":4,"minecraft:dirt":83,"minecraft:lantern":3,"brewery:hops_seeds":2,"minecraft:bone":37,"farmersdelight:iron_knife":1,"minecraft:bow":3,"minecraft:wheat_seeds":22,"alexscaves:guano":5,"minecraft:raw_gold":50,"farmersdelight:pumpkin_slice":4,"vinery:grapevine_stem":5,"minecraft:bamboo":79,"tacz:gun_smith_table":2,"minecraft:moss_block":6,"minecraft:honeycomb":3,"minecraft:oak_planks":11,"brewery:beer_hops":5,"minecraft:music_disc_13":1,"butchersdelight:skullcow":2,"alexscaves:amber_curiosity":1,"vinery:dark_cherry_sapling":4,"butchersdelight:cow_hide":15,"herbalbrews:hibiscus":22,"minecraft:sand":1,"minecraft:jungle_planks":2,"herbalbrews:copper_tea_kettle":1,"butchersdelightfoods:beefribs":5,"minecraft:barrel":2,"alexsmobs:animal_dictionary":1,"minecraft:mossy_cobblestone":1,"minecraft:clay":1,"vinery:jungle_grapes_red":31,"minecraft:diamond":4,"minecraft:lever":9,"minecraft:dead_brain_coral_block":33,"minecraft:crossbow":1,"minecraft:bone_meal":1,"minecraft:rooted_dirt":40,"alexsmobs:maggot":2,"minecraft:bread":30,"pfm:furniture_book":1,"pfm:iron_toaster":6,"butchersdelight:hook":1,"vinery:dark_cherry_leaves":20,"minecraft:cocoa_beans":55,"minecraft:coarse_dirt":3,"minecraft:crafting_table":8,"minecraft:allium":4,"alexscaves:primal_magma":2,"minecraft:clay_ball":119,"vinery:creepers_crush":3,"minecraft:golden_pickaxe":1,"spartanweaponry:cave_spider_head":5,"minecraft:brown_mushroom":2,"minecraft:moss_carpet":1,"supplementaries:globe":1,"supplementaries:statue":1,"tacz:ammo":72,"minecraft:white_carpet":2,"alexscaves:dinosaur_chop":3,"butchersdelight:dead_cow":18,"minecraft:candle":3,"minecraft:beef":2,"vinery:cherry":11,"minecraft:poppy":1,"minecraft:light_gray_wool":6,"minecraft:sugar_cane":38,"minecraft:chest":3,"minecraft:egg":1,"minecraft:raw_iron":95,"minecraft:sandstone":1,"alexscaves:guanostone":2,"alexscaves:cycad":3,"minecraft:music_disc_mellohi":1,"supplementaries:pedestal":1,"spartanweaponry:spider_head":3,"pfm:dark_wood_modern_stool":7,"alexsmobs:leafcutter_ant_pupa":2,"spartanweaponry:iron_halberd":1,"minecraft:arrow":24,"butchersdelight:deadsheep":3,"alexscaves:dark_tatters":4,"spartanweaponry:illager_head":1,"minecraft:hay_block":11,"vinery:window":1,"brewery:corn":6,"alexscaves:spelunkery_table":1,"chiselsandbits:chisel_stone":1,"pfm:cherry_pink_classic_bed":2,"minecraft:gold_ingot":2,"alexscaves:vesper_wing":1,"minecraft:glow_berries":1,"minecraft:skeleton_skull":3,"minecraft:white_wool":17,"minecraft:stripped_oak_log":3,"minecraft:jungle_boat":5,"alexscaves:pewen_log":2,"vinery:rotten_cherry":3,"minecraft:leather":1,"minecraft:fern":1,"spartanweaponry:iron_longsword":1,"alexscaves:forsaken_idol":1,"minecraft:filled_map":1,"alexscaves:limestone":135,"minecraft:packed_mud":14,"brewery:wooden_brewingstation":1,"minecraft:oak_log":1,"minecraft:gunpowder":6,"brewery:brewfest_dress":1,"alexscaves:ambersol":1,"minecraft:white_banner":1,"alexscaves:amber":73,"minecraft:iron_ingot":27,"minecraft:stone_pickaxe":1,"alexscaves:curly_fern":5,"minecraft:iron_sword":1,"alexscaves:coprolith":1,"minecraft:pink_bed":1,"bakery:strawberry":4,"minecraft:smooth_basalt":19,"vinery:jungle_grapes_white":26,"minecraft:gravel":51,"minecraft:amethyst_shard":2,"minecraft:blast_furnace":1,"minecraft:spider_eye":6,"travelersbackpack:standard":3,"butchersdelight:sheephide":1,"pfm:wall_toilet_paper":1,"tacz:modern_kinetic_gun":2,"minecraft:honey_block":1,"minecraft:cherry_sapling":1,"alexscaves:cave_map":3,"minecraft:baked_potato":41,"minecraft:coal":72,"minecraft:ender_pearl":2}},"DataVersion":3465}