{"stats":{"minecraft:picked_up":{"minecraft:wooden_axe":3,"minecraft:coarse_dirt":2,"minecraft:crafting_table":7,"minecraft:allium":2,"butchersdelightfoods:legcow":8,"minecraft:golden_pickaxe":1,"farmersdelight:rice_panicle":1,"bakery:strawberry_seeds":2,"farmersdelight:cutting_board":1,"minecraft:music_disc_cat":1,"minecraft:string":3,"minecraft:dark_oak_trapdoor":1,"butchersdelight:dead_cow":16,"brewery:hops":1,"minecraft:cobbled_deepslate":1,"minecraft:candle":3,"farmersdelight:cabbage":1,"minecraft:beef":2,"minecraft:azalea":2,"minecraft:poppy":1,"minecraft:sugar_cane":29,"minecraft:chest":1,"farmersdelight:cabbage_seeds":2,"alexsmobs:leafcutter_ant_chamber":19,"minecraft:egg":1,"minecraft:stick":1,"minecraft:raw_iron":11,"alexscaves:thornwood_wood":1,"alexscaves:guanostone":2,"minecraft:torch":44,"minecraft:cherry_log":27,"alexsmobs:leafcutter_ant_pupa":2,"butchersdelight:deadsheep":3,"minecraft:rotten_flesh":1,"alexscaves:dark_tatters":4,"minecraft:hay_block":11,"butchersdelightfoods:ham":1,"brewery:corn":1,"farmersdelight:rope":36,"minecraft:gold_ingot":2,"alexscaves:vesper_wing":1,"supplementaries:ash":4,"alexsmobs:flying_fish":1,"minecraft:white_wool":3,"minecraft:cobblestone":119,"minecraft:pink_petals":4,"minecraft:jungle_boat":4,"minecraft:leather_chestplate":1,"butchersdelightfoods:beeftenderloin":5,"farmersdelight:rice":5,"minecraft:andesite":5,"minecraft:jungle_log":9,"minecraft:leather":1,"minecraft:fern":1,"alexscaves:forsaken_idol":1,"minecraft:filled_map":1,"minecraft:packed_mud":14,"butchersdelight:deadpig":4,"minecraft:flint":1,"minecraft:oak_log":1,"supplementaries:flax_seeds":4,"minecraft:gunpowder":3,"farmersdelight:tomato":1,"minecraft:dirt":2,"brewery:hops_seeds":2,"minecraft:bone":1,"minecraft:wheat_seeds":2,"alexscaves:guano":5,"minecraft:iron_ingot":2,"minecraft:stone_pickaxe":1,"minecraft:bamboo":14,"alexscaves:coprolith":1,"minecraft:iron_sword":1,"minecraft:oak_planks":1,"bakery:strawberry":4,"minecraft:music_disc_13":1,"butchersdelight:skullcow":2,"minecraft:gravel":3,"butchersdelight:cow_hide":13,"butchersdelightfoods:beefribs":5,"minecraft:mossy_cobblestone":1,"travelersbackpack:standard":3,"butchersdelight:sheephide":1,"minecraft:bread":30,"alexscaves:cave_map":3,"minecraft:rooted_dirt":19,"minecraft:baked_potato":9,"butchersdelight:hook":1,"minecraft:coal":23},"minecraft:crafted":{"minecraft:cherry_planks":100,"minecraft:iron_nugget":9,"brewery:pretzel":84,"alexscaves:cave_map":1,"minecraft:iron_axe":1,"minecraft:chest":8,"alexscaves:cave_book":1,"minecraft:wheat":99,"minecraft:red_dye":1,"butchersdelight:hook":1,"minecraft:crafting_table":2,"minecraft:jungle_boat":1,"travelersbackpack:standard":1,"minecraft:bucket":1,"butchersdelight:cleaver":1,"minecraft:stone_axe":2,"minecraft:acacia_boat":1,"minecraft:air":0,"minecraft:jungle_planks":12,"farmersdelight:cutting_board":1,"minecraft:book":1,"minecraft:paper":6,"minecraft:gold_nugget":9,"minecraft:stick":10,"minecraft:iron_ingot":2,"minecraft:iron_pickaxe":1,"minecraft:wooden_axe":1,"minecraft:acacia_planks":12,"minecraft:shears":1},"minecraft:broken":{"minecraft:stone_pickaxe":1,"minecraft:golden_sword":1,"minecraft:leather_boots":1,"minecraft:stone_axe":1},"minecraft:dropped":{"minecraft:iron_sword":1,"minecraft:candle":3,"minecraft:oak_log":1,"butchersdelight:sheephide":1,"minecraft:jungle_planks":3,"alexscaves:coprolith":1,"farmersdelight:rice":5,"minecraft:dirt":1,"bakery:strawberry_seeds":2,"minecraft:dark_oak_trapdoor":1,"minecraft:wooden_axe":3,"alexscaves:cave_map":3,"alexscaves:guanostone":2,"butchersdelight:deadpig":3,"butchersdelight:cow_hide":12,"minecraft:bone":1,"alexscaves:guano":3,"minecraft:stone_axe":1,"butchersdelight:deadsheep":2,"farmersdelight:cabbage_seeds":2,"minecraft:fern":1,"minecraft:leather_chestplate":2,"supplementaries:flax_seeds":4,"supplementaries:ash":4,"minecraft:allium":2,"minecraft:azalea":2,"brewery:hops_seeds":2,"minecraft:glass":9,"minecraft:stone_pickaxe":1},"minecraft:custom":{"minecraft:mob_kills":22,"minecraft:interact_with_crafting_table":44,"minecraft:open_barrel":10,"minecraft:fill_cauldron":1,"minecraft:leave_game":13,"minecraft:time_since_death":25939,"minecraft:climb_one_cm":1114,"minecraft:sprint_one_cm":360285,"minecraft:walk_one_cm":819763,"minecraft:drop":40,"minecraft:talked_to_villager":2,"minecraft:play_time":314414,"minecraft:deaths":6,"minecraft:sneak_time":3215,"minecraft:walk_under_water_one_cm":103683,"minecraft:boat_one_cm":714399,"minecraft:jump":3394,"minecraft:interact_with_blast_furnace":1,"minecraft:walk_on_water_one_cm":87917,"minecraft:total_world_time":314881,"minecraft:interact_with_furnace":13,"minecraft:interact_with_cartography_table":1,"minecraft:interact_with_loom":1,"minecraft:sleep_in_bed":6,"minecraft:time_since_rest":9307,"minecraft:damage_taken":3513,"minecraft:damage_absorbed":40,"minecraft:damage_dealt":6658,"minecraft:swim_one_cm":182403,"minecraft:fly_one_cm":551743,"minecraft:open_chest":68,"minecraft:crouch_one_cm":8762,"minecraft:fall_one_cm":75795,"minecraft:use_cauldron":1},"minecraft:killed_by":{"minecraft:spider":1,"alexscaves:vesper":3,"minecraft:zombie":1,"alexscaves:underzealot":1},"minecraft:killed":{"minecraft:cave_spider":1,"alexscaves:gloomoth":1,"minecraft:spider":2,"alexscaves:vesper":3,"minecraft:skeleton":1,"alexscaves:underzealot":5,"alexsmobs:leafcutter_ant":2,"minecraft:creeper":3,"minecraft:zombie":3},"minecraft:mined":{"alexscaves:guanostone":19,"minecraft:mossy_cobblestone":1,"minecraft:cherry_log":28,"alexsmobs:leafcutter_anthill":1,"minecraft:grass_block":2,"minecraft:crimson_roots":1,"minecraft:jungle_log":9,"alexsmobs:leafcutter_ant_chamber":21,"farmersdelight:wild_cabbages":1,"alexscaves:coprolith":8,"minecraft:rooted_dirt":5,"minecraft:large_fern":2,"minecraft:hay_block":11,"minecraft:packed_mud":16,"farmersdelight:wild_rice":5,"minecraft:iron_ore":6,"minecraft:fire":1,"minecraft:andesite":5,"minecraft:azalea_leaves":36,"minecraft:stone":122,"brewery:wild_hops":1,"travelersbackpack:standard":2,"minecraft:crafting_table":6,"minecraft:torch":2,"alexscaves:thornwood_wood":1,"bakery:wild_strawberries":7,"minecraft:poppy":1,"minecraft:chest":1,"supplementaries:wild_flax":1,"minecraft:sugar_cane":14,"minecraft:oak_planks":1,"minecraft:wall_torch":4,"minecraft:pink_petals":1,"supplementaries:urn":6,"farmersdelight:cutting_board":1,"minecraft:sweet_berry_bush":8,"minecraft:grass":2,"butchersdelight:hook":1,"minecraft:oak_log":4,"minecraft:coal_ore":24,"minecraft:cherry_leaves":3,"minecraft:gravel":4,"minecraft:dirt":1,"minecraft:oak_leaves":12,"minecraft:deepslate":1,"minecraft:fern":3},"minecraft:used":{"alexscaves:forsaken_idol":1,"minecraft:chest":9,"butchersdelight:hook":1,"alexscaves:thornwood_wood":1,"alexsmobs:medium_catfish_bucket":1,"minecraft:torch":40,"minecraft:dirt":1,"minecraft:wooden_axe":48,"butchersdelight:cleaver":12,"alexscaves:moth_ball":3,"minecraft:iron_axe":36,"minecraft:rooted_dirt":19,"minecraft:packed_mud":7,"minecraft:golden_sword":32,"farmersdelight:cutting_board":2,"brewery:pretzel":4,"minecraft:egg":1,"minecraft:cobbled_deepslate":1,"minecraft:cherry_log":2,"minecraft:acacia_boat":1,"minecraft:water_bucket":1,"minecraft:stone_pickaxe":127,"minecraft:jungle_boat":4,"minecraft:white_wool":3,"minecraft:golden_apple":1,"minecraft:crafting_table":9,"alexscaves:cave_book":6,"bakery:strawberry":4,"minecraft:shears":1,"alexsmobs:flying_fish":1,"minecraft:bread":43,"minecraft:iron_pickaxe":109,"minecraft:leather_helmet":2,"minecraft:gravel":1,"minecraft:stone_axe":99,"minecraft:pink_petals":4,"travelersbackpack:standard":8,"minecraft:bucket":2,"alexsmobs:animal_dictionary":1,"alexsmobs:leafcutter_ant_chamber":19}},"DataVersion":3465}