{"stats":{"minecraft:picked_up":{"minecraft:wooden_axe":3,"minecraft:crafting_table":7,"minecraft:coarse_dirt":2,"minecraft:allium":2,"butchersdelightfoods:legcow":8,"minecraft:clay_ball":77,"minecraft:golden_pickaxe":1,"spartanweaponry:cave_spider_head":5,"farmersdelight:rice_panicle":1,"bakery:strawberry_seeds":2,"minecraft:amethyst_block":17,"farmersdelight:cutting_board":1,"minecraft:music_disc_cat":1,"minecraft:string":63,"minecraft:dark_oak_trapdoor":1,"minecraft:raw_copper":9,"minecraft:zombie_head":2,"brewery:hops":22,"butchersdelight:dead_cow":16,"minecraft:candle":3,"minecraft:cobbled_deepslate":1,"minecraft:bucket":1,"farmersdelight:cabbage":1,"minecraft:beef":2,"minecraft:calcite":19,"minecraft:azalea":2,"minecraft:poppy":1,"minecraft:sugar_cane":29,"minecraft:chest":1,"farmersdelight:cabbage_seeds":2,"alexsmobs:leafcutter_ant_chamber":19,"minecraft:egg":1,"minecraft:raw_iron":48,"minecraft:stick":1,"alexscaves:thornwood_wood":1,"alexscaves:guanostone":2,"minecraft:oak_fence":3,"minecraft:torch":51,"minecraft:music_disc_mellohi":1,"minecraft:cherry_log":34,"spartanweaponry:spider_head":1,"alexsmobs:leafcutter_ant_pupa":2,"spartanweaponry:iron_halberd":1,"minecraft:arrow":9,"butchersdelight:deadsheep":3,"minecraft:rotten_flesh":2,"alexscaves:dark_tatters":4,"minecraft:hay_block":11,"butchersdelightfoods:ham":1,"alexscaves:spelunkery_table":1,"brewery:corn":1,"pfm:cherry_pink_classic_bed":2,"alexsmobs:emu_egg":1,"farmersdelight:rope":36,"minecraft:gold_ingot":2,"alexscaves:vesper_wing":1,"supplementaries:ash":9,"minecraft:glow_berries":1,"minecraft:white_wool":3,"alexsmobs:flying_fish":1,"minecraft:cobblestone":262,"brewery:beer_mug":2,"minecraft:stripped_oak_log":1,"minecraft:pink_petals":4,"minecraft:leather_chestplate":1,"minecraft:jungle_boat":4,"butchersdelightfoods:beeftenderloin":5,"farmersdelight:rice":5,"minecraft:jungle_log":9,"minecraft:andesite":55,"minecraft:leather":1,"minecraft:fern":1,"spartanweaponry:iron_longsword":1,"alexscaves:forsaken_idol":1,"minecraft:filled_map":1,"minecraft:flint":1,"minecraft:packed_mud":14,"butchersdelight:deadpig":4,"brewery:wooden_brewingstation":1,"minecraft:oak_log":1,"supplementaries:flax_seeds":4,"minecraft:gunpowder":4,"farmersdelight:tomato":1,"minecraft:dirt":4,"brewery:hops_seeds":2,"minecraft:bone":8,"minecraft:bow":1,"minecraft:wheat_seeds":2,"alexscaves:guano":5,"farmersdelight:pumpkin_slice":4,"minecraft:iron_ingot":9,"minecraft:stone_pickaxe":1,"minecraft:bamboo":44,"minecraft:oak_planks":6,"minecraft:iron_sword":1,"alexscaves:coprolith":1,"minecraft:pink_bed":1,"bakery:strawberry":4,"minecraft:smooth_basalt":19,"minecraft:music_disc_13":1,"butchersdelight:skullcow":2,"minecraft:gravel":3,"butchersdelight:cow_hide":13,"minecraft:amethyst_shard":2,"butchersdelightfoods:beefribs":5,"minecraft:spider_eye":4,"minecraft:mossy_cobblestone":1,"travelersbackpack:standard":3,"butchersdelight:sheephide":1,"minecraft:diamond":3,"minecraft:rooted_dirt":26,"minecraft:bread":30,"alexscaves:cave_map":3,"minecraft:baked_potato":9,"butchersdelight:hook":1,"minecraft:coal":29},"minecraft:crafted":{"minecraft:cherry_planks":128,"spartanweaponry:iron_scythe":1,"minecraft:iron_nugget":9,"brewery:pretzel":84,"minecraft:furnace":1,"brewery:beer_mug":8,"alexscaves:cave_map":1,"pfm:cherry_pink_classic_bed":2,"minecraft:iron_axe":2,"minecraft:stone_pickaxe":1,"minecraft:chest":8,"minecraft:cherry_fence":3,"alexscaves:cave_book":1,"minecraft:wheat":99,"minecraft:red_dye":1,"minecraft:cauldron":2,"spartanweaponry:pole":2,"butchersdelight:hook":1,"minecraft:crafting_table":2,"farmersdelight:iron_knife":1,"minecraft:jungle_boat":1,"travelersbackpack:standard":1,"minecraft:copper_ingot":20,"minecraft:bucket":1,"butchersdelight:cleaver":1,"minecraft:stone_axe":2,"minecraft:acacia_boat":1,"minecraft:air":0,"minecraft:jungle_planks":20,"pfm:working_table":1,"farmersdelight:cutting_board":1,"minecraft:book":1,"minecraft:paper":6,"minecraft:gold_nugget":9,"spartanweaponry:copper_scythe":1,"minecraft:stick":31,"minecraft:iron_ingot":34,"minecraft:iron_pickaxe":3,"minecraft:wooden_axe":1,"brewery:table":2,"minecraft:iron_shovel":1,"minecraft:acacia_planks":12,"brewery:wooden_brewingstation":1,"minecraft:shears":1},"minecraft:broken":{"minecraft:stone_pickaxe":1,"minecraft:golden_sword":1,"minecraft:leather_boots":1,"minecraft:stone_axe":1,"minecraft:iron_pickaxe":1},"minecraft:dropped":{"minecraft:iron_ingot":14,"minecraft:iron_sword":1,"minecraft:candle":3,"minecraft:oak_log":1,"butchersdelight:sheephide":1,"minecraft:diamond":1,"minecraft:oak_fence":2,"minecraft:cobblestone":5,"minecraft:jungle_planks":3,"alexscaves:coprolith":1,"farmersdelight:rice":5,"minecraft:dirt":2,"bakery:strawberry_seeds":2,"minecraft:dark_oak_trapdoor":1,"minecraft:wooden_axe":3,"alexscaves:cave_map":3,"minecraft:iron_axe":1,"alexscaves:guanostone":2,"butchersdelight:deadpig":3,"spartanweaponry:cave_spider_head":3,"brewery:beer_mug":1,"butchersdelight:cow_hide":12,"minecraft:bone":1,"alexscaves:guano":3,"minecraft:stone_axe":1,"spartanweaponry:iron_halberd":1,"butchersdelight:deadsheep":2,"farmersdelight:cabbage_seeds":2,"minecraft:fern":1,"minecraft:stripped_oak_log":1,"minecraft:leather_chestplate":2,"supplementaries:flax_seeds":4,"supplementaries:ash":9,"brewery:hops":3,"minecraft:allium":2,"minecraft:azalea":2,"brewery:hops_seeds":2,"minecraft:glass":9,"minecraft:stone_pickaxe":1,"minecraft:cherry_fence":1},"minecraft:custom":{"minecraft:mob_kills":48,"minecraft:interact_with_crafting_table":61,"minecraft:open_barrel":13,"minecraft:fill_cauldron":1,"minecraft:leave_game":18,"minecraft:time_since_death":40540,"minecraft:climb_one_cm":3951,"minecraft:sprint_one_cm":448032,"minecraft:walk_one_cm":1116735,"minecraft:drop":64,"minecraft:talked_to_villager":2,"minecraft:play_time":426932,"minecraft:deaths":9,"minecraft:sneak_time":4476,"minecraft:walk_under_water_one_cm":103828,"minecraft:boat_one_cm":714399,"minecraft:jump":4085,"minecraft:interact_with_blast_furnace":1,"minecraft:walk_on_water_one_cm":92143,"minecraft:total_world_time":427399,"minecraft:interact_with_furnace":27,"minecraft:interact_with_cartography_table":1,"minecraft:interact_with_loom":2,"minecraft:sleep_in_bed":9,"minecraft:time_since_rest":1513,"minecraft:damage_taken":4658,"minecraft:damage_absorbed":80,"minecraft:damage_dealt":10850,"minecraft:swim_one_cm":182403,"minecraft:fly_one_cm":638122,"minecraft:open_chest":185,"minecraft:crouch_one_cm":10861,"minecraft:fall_one_cm":84807,"minecraft:use_cauldron":1},"minecraft:killed_by":{"minecraft:creeper":1,"minecraft:spider":1,"alexscaves:vesper":3,"minecraft:cave_spider":1,"minecraft:zombie":2,"alexscaves:underzealot":1},"minecraft:killed":{"minecraft:cave_spider":13,"alexscaves:gloomoth":1,"minecraft:spider":5,"alexscaves:vesper":3,"minecraft:skeleton":7,"alexscaves:underzealot":5,"alexsmobs:leafcutter_ant":2,"minecraft:zombie_villager":1,"minecraft:creeper":4,"minecraft:zombie":5},"minecraft:mined":{"alexscaves:guanostone":19,"brewery:brew_whistle":1,"minecraft:pink_bed":1,"minecraft:mossy_cobblestone":1,"minecraft:deepslate_diamond_ore":2,"minecraft:cherry_log":36,"alexsmobs:leafcutter_anthill":1,"minecraft:budding_amethyst":1,"minecraft:grass_block":4,"minecraft:jungle_log":9,"minecraft:crimson_roots":1,"alexsmobs:leafcutter_ant_chamber":21,"farmersdelight:wild_cabbages":1,"alexscaves:coprolith":8,"minecraft:rooted_dirt":12,"minecraft:spawner":1,"minecraft:large_fern":2,"minecraft:hay_block":11,"minecraft:packed_mud":16,"farmersdelight:wild_rice":5,"minecraft:iron_ore":43,"minecraft:fire":1,"minecraft:andesite":55,"pfm:cherry_pink_classic_bed":2,"minecraft:stripped_oak_log":1,"minecraft:bamboo":5,"minecraft:azalea_leaves":36,"minecraft:stone":258,"brewery:wild_hops":1,"travelersbackpack:standard":2,"minecraft:clay":15,"minecraft:oak_fence":3,"minecraft:crafting_table":6,"minecraft:torch":3,"alexscaves:thornwood_wood":1,"bakery:wild_strawberries":7,"minecraft:calcite":20,"minecraft:poppy":1,"minecraft:chest":1,"supplementaries:wild_flax":1,"minecraft:copper_ore":4,"minecraft:oak_planks":2,"minecraft:sugar_cane":14,"minecraft:wall_torch":4,"minecraft:amethyst_block":17,"minecraft:pink_petals":1,"supplementaries:urn":8,"farmersdelight:cutting_board":1,"minecraft:sweet_berry_bush":8,"minecraft:grass":2,"butchersdelight:hook":1,"minecraft:coal_ore":30,"minecraft:oak_log":4,"brewery:beer_mug":2,"minecraft:cherry_leaves":4,"minecraft:gravel":4,"minecraft:dirt":1,"minecraft:cobweb":49,"minecraft:smooth_basalt":19,"minecraft:oak_leaves":12,"minecraft:deepslate":1,"minecraft:fern":4},"minecraft:used":{"pfm:cherry_pink_classic_bed":3,"brewery:wooden_brewingstation":2,"minecraft:iron_shovel":13,"minecraft:chest":9,"alexscaves:forsaken_idol":1,"spartanweaponry:iron_halberd":2,"butchersdelight:hook":1,"alexscaves:thornwood_wood":1,"alexsmobs:medium_catfish_bucket":1,"minecraft:torch":61,"brewery:beer_hops":6,"minecraft:dirt":2,"spartanweaponry:cave_spider_head":1,"minecraft:golden_chestplate":1,"brewery:table":2,"minecraft:wooden_axe":48,"butchersdelight:cleaver":12,"alexscaves:moth_ball":3,"minecraft:iron_axe":60,"minecraft:rooted_dirt":22,"minecraft:packed_mud":7,"minecraft:golden_sword":32,"alexscaves:spelunkery_table":1,"farmersdelight:cutting_board":2,"brewery:pretzel":6,"minecraft:egg":1,"minecraft:cobbled_deepslate":1,"minecraft:cherry_log":2,"minecraft:acacia_boat":1,"minecraft:water_bucket":1,"minecraft:oak_planks":4,"minecraft:stone_pickaxe":165,"minecraft:jungle_boat":4,"minecraft:white_wool":3,"minecraft:golden_apple":2,"minecraft:crafting_table":9,"alexscaves:cave_book":6,"bakery:strawberry":4,"minecraft:shears":1,"alexsmobs:flying_fish":1,"pfm:working_table":1,"minecraft:iron_pickaxe":375,"minecraft:bread":43,"spartanweaponry:copper_scythe":110,"minecraft:leather_helmet":3,"minecraft:gravel":1,"minecraft:stone_axe":99,"minecraft:pink_petals":4,"brewery:beer_mug":1,"minecraft:cobblestone":8,"travelersbackpack:standard":8,"minecraft:bucket":11,"alexsmobs:leafcutter_ant_chamber":19,"alexsmobs:animal_dictionary":1}},"DataVersion":3465}