{"stats":{"minecraft:picked_up":{"minecraft:wooden_axe":3,"brewery:table":2,"butchersdelightfoods:legcow":8,"brewery:dried_corn":5,"farmersdelight:rice_panicle":1,"bakery:strawberry_seeds":2,"minecraft:amethyst_block":17,"farmersdelight:cutting_board":1,"minecraft:music_disc_cat":1,"minecraft:string":70,"minecraft:dark_oak_trapdoor":1,"minecraft:raw_copper":10,"minecraft:zombie_head":3,"brewery:hops":37,"minecraft:cobbled_deepslate":13,"farmersdelight:cabbage":1,"minecraft:bucket":1,"minecraft:calcite":19,"minecraft:azalea":2,"minecraft:melon_slice":1,"farmersdelight:cabbage_seeds":2,"alexsmobs:leafcutter_ant_chamber":19,"minecraft:stick":1,"alexscaves:thornwood_wood":1,"minecraft:oak_fence":4,"minecraft:torch":51,"minecraft:cherry_log":34,"minecraft:rotten_flesh":6,"butchersdelightfoods:ham":1,"farmersdelight:rope":36,"alexsmobs:emu_egg":1,"supplementaries:ash":9,"alexsmobs:flying_fish":1,"minecraft:cobblestone":315,"minecraft:pink_petals":23,"brewery:beer_mug":9,"minecraft:leather_chestplate":1,"butchersdelightfoods:beeftenderloin":5,"farmersdelight:rice":5,"minecraft:cherry_planks":1,"minecraft:andesite":55,"minecraft:jungle_log":9,"minecraft:jungle_wood":9,"brewery:corn_seeds":16,"butchersdelight:deadpig":4,"minecraft:flint":4,"supplementaries:flax_seeds":4,"farmersdelight:tomato":1,"minecraft:dirt":15,"brewery:hops_seeds":2,"minecraft:bone":11,"minecraft:bow":1,"alexscaves:guano":5,"minecraft:wheat_seeds":4,"farmersdelight:pumpkin_slice":4,"minecraft:bamboo":79,"minecraft:moss_block":1,"minecraft:oak_planks":10,"brewery:beer_hops":1,"minecraft:music_disc_13":1,"butchersdelight:cow_hide":13,"butchersdelight:skullcow":2,"minecraft:sand":1,"butchersdelightfoods:beefribs":5,"minecraft:mossy_cobblestone":1,"minecraft:diamond":3,"minecraft:crossbow":1,"alexsmobs:maggot":2,"minecraft:bread":30,"minecraft:rooted_dirt":36,"butchersdelight:hook":1,"minecraft:crafting_table":7,"minecraft:coarse_dirt":2,"minecraft:allium":3,"minecraft:clay_ball":107,"spartanweaponry:cave_spider_head":5,"minecraft:golden_pickaxe":1,"minecraft:brown_mushroom":2,"butchersdelight:dead_cow":16,"minecraft:candle":3,"minecraft:beef":2,"minecraft:poppy":1,"minecraft:chest":1,"minecraft:sugar_cane":29,"minecraft:egg":1,"minecraft:raw_iron":51,"alexscaves:guanostone":2,"minecraft:music_disc_mellohi":1,"spartanweaponry:spider_head":2,"alexsmobs:leafcutter_ant_pupa":2,"spartanweaponry:iron_halberd":1,"minecraft:arrow":11,"butchersdelight:deadsheep":3,"alexscaves:dark_tatters":4,"minecraft:hay_block":11,"alexscaves:spelunkery_table":1,"brewery:corn":6,"pfm:cherry_pink_classic_bed":2,"minecraft:gold_ingot":2,"alexscaves:vesper_wing":1,"minecraft:glow_berries":1,"minecraft:skeleton_skull":1,"minecraft:white_wool":3,"minecraft:stripped_oak_log":1,"minecraft:jungle_boat":4,"minecraft:leather":1,"minecraft:fern":1,"spartanweaponry:iron_longsword":1,"alexscaves:forsaken_idol":1,"minecraft:filled_map":1,"minecraft:packed_mud":14,"brewery:wooden_brewingstation":1,"minecraft:oak_log":1,"minecraft:gunpowder":6,"minecraft:iron_ingot":9,"minecraft:stone_pickaxe":1,"alexscaves:coprolith":1,"minecraft:iron_sword":1,"minecraft:pink_bed":1,"bakery:strawberry":4,"minecraft:smooth_basalt":19,"minecraft:gravel":25,"minecraft:amethyst_shard":2,"minecraft:spider_eye":6,"travelersbackpack:standard":3,"butchersdelight:sheephide":1,"alexscaves:cave_map":3,"minecraft:baked_potato":9,"minecraft:coal":30},"minecraft:crafted":{"spartanweaponry:iron_scythe":1,"brewery:beer_mug":8,"pfm:cherry_pink_classic_bed":2,"minecraft:chest":8,"minecraft:cherry_fence":3,"alexscaves:cave_book":1,"minecraft:cauldron":2,"minecraft:crafting_table":2,"farmersdelight:iron_knife":1,"minecraft:jungle_boat":1,"travelersbackpack:standard":1,"minecraft:copper_ingot":20,"butchersdelight:cleaver":1,"pfm:working_table":1,"farmersdelight:cutting_board":1,"minecraft:book":1,"minecraft:paper":6,"minecraft:stick":31,"minecraft:iron_ingot":34,"minecraft:iron_pickaxe":3,"brewery:wooden_brewingstation":1,"minecraft:shears":1,"minecraft:cherry_planks":128,"minecraft:iron_nugget":9,"brewery:pretzel":84,"minecraft:furnace":1,"alexscaves:cave_map":1,"minecraft:iron_axe":2,"minecraft:stone_pickaxe":1,"minecraft:wheat":99,"brewery:silo_wood":2,"minecraft:red_dye":1,"spartanweaponry:pole":2,"butchersdelight:hook":1,"brewery:bench":4,"minecraft:bucket":1,"minecraft:stone_axe":2,"minecraft:acacia_boat":1,"minecraft:air":0,"minecraft:jungle_planks":56,"minecraft:gold_nugget":9,"spartanweaponry:copper_scythe":1,"minecraft:wooden_axe":1,"brewery:table":2,"minecraft:iron_shovel":1,"minecraft:acacia_planks":12},"minecraft:broken":{"minecraft:stone_pickaxe":1,"minecraft:golden_sword":1,"minecraft:stone_axe":1,"spartanweaponry:copper_scythe":1,"minecraft:leather_boots":1,"minecraft:iron_pickaxe":1},"minecraft:dropped":{"minecraft:iron_sword":1,"minecraft:candle":3,"minecraft:moss_block":1,"minecraft:oak_log":1,"minecraft:diamond":1,"minecraft:crossbow":1,"minecraft:rooted_dirt":2,"minecraft:jungle_planks":3,"farmersdelight:rice":5,"minecraft:dirt":2,"minecraft:dark_oak_trapdoor":1,"alexscaves:cave_map":3,"minecraft:sand":1,"spartanweaponry:cave_spider_head":3,"butchersdelight:cow_hide":12,"minecraft:bone":1,"minecraft:stone_axe":1,"butchersdelight:deadsheep":2,"minecraft:rotten_flesh":2,"minecraft:fern":1,"minecraft:leather_chestplate":2,"supplementaries:flax_seeds":4,"supplementaries:ash":9,"brewery:hops":3,"minecraft:azalea":2,"brewery:beer_hops":4,"minecraft:glass":9,"minecraft:cherry_fence":1,"minecraft:iron_ingot":14,"butchersdelight:sheephide":1,"minecraft:oak_fence":2,"minecraft:cobblestone":10,"minecraft:grass_block":1,"alexscaves:coprolith":1,"bakery:strawberry_seeds":2,"minecraft:wooden_axe":3,"minecraft:iron_axe":1,"alexscaves:guanostone":2,"minecraft:pink_petals":19,"butchersdelight:deadpig":3,"brewery:beer_mug":1,"alexscaves:guano":3,"alexsmobs:maggot":2,"spartanweaponry:iron_halberd":1,"farmersdelight:cabbage_seeds":2,"minecraft:stripped_oak_log":1,"minecraft:allium":2,"minecraft:wooden_shovel":1,"brewery:hops_seeds":2,"minecraft:stone_pickaxe":1},"minecraft:custom":{"minecraft:interact_with_crafting_table":65,"minecraft:open_barrel":13,"minecraft:leave_game":19,"minecraft:time_since_death":3863,"minecraft:sprint_one_cm":495188,"minecraft:drop":82,"minecraft:talked_to_villager":2,"minecraft:play_time":474117,"minecraft:deaths":12,"minecraft:jump":4512,"minecraft:walk_on_water_one_cm":97276,"minecraft:interact_with_furnace":27,"minecraft:interact_with_cartography_table":1,"minecraft:interact_with_loom":3,"minecraft:sleep_in_bed":10,"minecraft:damage_dealt":13694,"minecraft:crouch_one_cm":13466,"minecraft:use_cauldron":1,"minecraft:mob_kills":60,"minecraft:fill_cauldron":1,"minecraft:climb_one_cm":4619,"minecraft:walk_one_cm":1245551,"minecraft:sneak_time":5211,"minecraft:walk_under_water_one_cm":106261,"minecraft:boat_one_cm":714399,"minecraft:interact_with_blast_furnace":1,"minecraft:total_world_time":474584,"minecraft:time_since_rest":3895,"minecraft:damage_taken":5693,"minecraft:damage_absorbed":80,"minecraft:swim_one_cm":188938,"minecraft:fly_one_cm":675178,"minecraft:open_chest":201,"minecraft:fall_one_cm":89289},"minecraft:killed_by":{"minecraft:creeper":3,"minecraft:pillager":1,"minecraft:cave_spider":1,"minecraft:zombie":2,"minecraft:spider":1,"alexscaves:vesper":3,"alexscaves:underzealot":1},"minecraft:killed":{"minecraft:cave_spider":13,"alexscaves:gloomoth":1,"minecraft:spider":8,"minecraft:skeleton":10,"alexscaves:underzealot":5,"alexsmobs:leafcutter_ant":2,"minecraft:zombie_villager":1,"minecraft:creeper":4,"minecraft:pillager":2,"minecraft:zombie":9,"alexscaves:vesper":3},"minecraft:mined":{"brewery:brew_whistle":1,"alexscaves:guanostone":19,"minecraft:pink_bed":1,"minecraft:cherry_log":36,"alexsmobs:leafcutter_anthill":1,"minecraft:budding_amethyst":1,"minecraft:grass_block":4,"minecraft:jungle_log":9,"alexscaves:coprolith":8,"minecraft:spawner":2,"farmersdelight:wild_rice":5,"minecraft:iron_ore":46,"minecraft:cobbled_deepslate":6,"minecraft:fire":1,"pfm:cherry_pink_classic_bed":2,"minecraft:azalea_leaves":36,"brewery:wild_hops":1,"minecraft:clay":21,"minecraft:torch":3,"alexscaves:thornwood_wood":1,"minecraft:calcite":20,"minecraft:poppy":1,"minecraft:chest":1,"supplementaries:wild_flax":1,"minecraft:cobblestone":5,"minecraft:sugar_cane":14,"minecraft:oak_planks":2,"minecraft:wall_torch":4,"minecraft:amethyst_block":17,"minecraft:pink_petals":1,"minecraft:jungle_wood":9,"farmersdelight:cutting_board":1,"minecraft:grass":2,"butchersdelight:hook":1,"minecraft:oak_log":4,"brewery:beer_mug":5,"minecraft:dirt":1,"minecraft:smooth_basalt":19,"minecraft:oak_leaves":12,"minecraft:deepslate":7,"minecraft:mossy_cobblestone":1,"minecraft:deepslate_diamond_ore":2,"minecraft:crimson_roots":1,"alexsmobs:leafcutter_ant_chamber":21,"farmersdelight:wild_cabbages":1,"minecraft:rooted_dirt":13,"minecraft:large_fern":2,"minecraft:hay_block":11,"minecraft:packed_mud":16,"minecraft:andesite":55,"minecraft:stripped_oak_log":1,"minecraft:bamboo":5,"minecraft:stone":305,"travelersbackpack:standard":2,"minecraft:oak_fence":3,"minecraft:crafting_table":6,"bakery:wild_strawberries":7,"brewery:corn_crop":5,"minecraft:copper_ore":4,"supplementaries:urn":8,"brewery:table":2,"minecraft:sweet_berry_bush":8,"minecraft:coal_ore":31,"minecraft:cherry_leaves":4,"minecraft:gravel":30,"minecraft:cobweb":50,"minecraft:fern":4},"minecraft:used":{"pfm:cherry_pink_classic_bed":3,"minecraft:iron_shovel":31,"minecraft:chest":9,"butchersdelight:hook":1,"alexscaves:thornwood_wood":1,"alexsmobs:medium_catfish_bucket":1,"spartanweaponry:cave_spider_head":1,"minecraft:jungle_planks":3,"minecraft:allium":1,"minecraft:grass_block":81,"alexscaves:moth_ball":3,"minecraft:packed_mud":7,"minecraft:golden_sword":32,"farmersdelight:cutting_board":2,"minecraft:egg":1,"minecraft:stone_pickaxe":191,"minecraft:oak_planks":4,"brewery:corn_seeds":5,"minecraft:jungle_boat":4,"minecraft:white_wool":3,"minecraft:golden_apple":2,"alexscaves:cave_book":6,"minecraft:shears":1,"pfm:working_table":1,"minecraft:bread":43,"minecraft:melon_slice":1,"spartanweaponry:copper_scythe":148,"minecraft:gravel":16,"brewery:bench":4,"alexsmobs:leafcutter_ant_chamber":19,"spartanweaponry:iron_scythe":1,"brewery:wooden_brewingstation":2,"alexscaves:forsaken_idol":1,"spartanweaponry:iron_halberd":2,"minecraft:torch":67,"brewery:beer_hops":24,"minecraft:dirt":13,"minecraft:golden_chestplate":1,"minecraft:wooden_axe":48,"brewery:table":4,"butchersdelight:cleaver":12,"minecraft:iron_axe":72,"minecraft:rooted_dirt":30,"alexscaves:spelunkery_table":1,"brewery:pretzel":6,"minecraft:cobbled_deepslate":7,"minecraft:cherry_log":2,"minecraft:acacia_boat":1,"minecraft:water_bucket":2,"brewery:silo_wood":2,"minecraft:crafting_table":9,"supplementaries:bomb":1,"bakery:strawberry":4,"alexsmobs:flying_fish":1,"minecraft:iron_pickaxe":432,"minecraft:leather_helmet":3,"minecraft:stone_axe":99,"minecraft:pink_petals":4,"brewery:beer_mug":3,"minecraft:cobblestone":34,"travelersbackpack:standard":8,"minecraft:bucket":16,"alexsmobs:animal_dictionary":1}},"DataVersion":3465}