{"stats":{"minecraft:mined":{"brewery:brew_whistle":1,"minecraft:pink_bed":1,"minecraft:cherry_log":37,"alexsmobs:leafcutter_anthill":1,"alexscaves:limestone":80,"minecraft:jungle_log":59,"alexscaves:coprolith":8,"tacz:gun_smith_table":1,"minecraft:spawner":2,"herbalbrews:copper_tea_kettle":1,"minecraft:cobbled_deepslate":6,"minecraft:fire":2,"pfm:cherry_pink_classic_bed":2,"vinery:jungle_grape_bush_red":1,"alexscaves:amber":7,"brewery:wild_hops":1,"minecraft:torch":7,"vinery:red_grape_bush":1,"minecraft:sugar_cane":19,"herbalbrews:wild_coffee_plant":2,"minecraft:amethyst_block":17,"vinery:cherry_lattice":3,"minecraft:jungle_wood":9,"minecraft:wheat":8,"herbalbrews:rooibos_plant":1,"minecraft:grass":13,"butchersdelight:hook":1,"minecraft:mangrove_log":2,"minecraft:smooth_basalt":19,"minecraft:deepslate":23,"alexscaves:primal_magma":2,"minecraft:mossy_cobblestone":1,"herbalbrews:hibiscus":13,"alexscaves:pewen_log":2,"minecraft:crimson_roots":1,"vinery:dark_cherry_sapling":2,"alexsmobs:leafcutter_ant_chamber":21,"farmersdelight:wild_cabbages":1,"minecraft:moss_block":5,"minecraft:packed_mud":16,"minecraft:andesite":66,"minecraft:vine":5,"vinery:grapevine_stem":4,"minecraft:bamboo":5,"minecraft:white_wool":1,"minecraft:cherry_planks":1,"minecraft:tall_grass":4,"minecraft:copper_ore":16,"alexscaves:cycad":1,"minecraft:gravel":41,"minecraft:cobweb":50,"minecraft:fern":4,"alexscaves:guanostone":19,"vinery:dark_cherry_leaves":26,"minecraft:budding_amethyst":1,"minecraft:grass_block":14,"vinery:apple_log":6,"farmersdelight:wild_rice":5,"minecraft:iron_ore":71,"pfm:dark_wood_modern_stool":4,"vinery:creepers_crush":3,"alexscaves:ambersol":1,"minecraft:azalea_leaves":36,"minecraft:clay":24,"alexscaves:dinosaur_chop":1,"vinery:knulp_wine":4,"alexscaves:thornwood_wood":1,"minecraft:calcite":20,"minecraft:poppy":1,"minecraft:chest":2,"supplementaries:wild_flax":2,"minecraft:cobblestone":6,"minecraft:oak_planks":3,"minecraft:wall_torch":9,"minecraft:pink_petals":2,"farmersdelight:cutting_board":1,"herbalbrews:wild_rooibos_plant":5,"minecraft:oak_log":4,"brewery:beer_mug":5,"minecraft:dirt":28,"vinery:apple_leaves":36,"minecraft:oak_leaves":12,"minecraft:deepslate_diamond_ore":3,"minecraft:sandstone":1,"minecraft:rooted_dirt":13,"minecraft:large_fern":2,"minecraft:hay_block":11,"minecraft:deepslate_iron_ore":18,"minecraft:stripped_oak_log":2,"alexscaves:curly_fern":1,"minecraft:stone":419,"vinery:dark_cherry_log":6,"travelersbackpack:standard":2,"minecraft:oak_fence":3,"minecraft:crafting_table":6,"bakery:wild_strawberries":14,"brewery:corn_crop":5,"supplementaries:urn":20,"brewery:table":2,"minecraft:sweet_berry_bush":8,"minecraft:coal_ore":73,"minecraft:cocoa":20,"minecraft:cherry_leaves":4},"minecraft:killed":{"minecraft:cave_spider":13,"alexsmobs:lobster":1,"minecraft:skeleton":41,"alexscaves:underzealot":5,"alexsmobs:leafcutter_ant":2,"minecraft:tropical_fish":1,"minecraft:pillager":6,"minecraft:zombie":62,"alexscaves:trilocaris":1,"alexscaves:vesper":3,"alexsmobs:seagull":1,"alexscaves:grottoceratops":1,"minecraft:enderman":3,"alexscaves:gloomoth":1,"minecraft:spider":16,"minecraft:zombie_villager":2,"alexsmobs:mantis_shrimp":1,"minecraft:creeper":19,"alexsmobs:komodo_dragon":2,"alexscaves:vallumraptor":8,"alexscaves:tremorsaurus":2,"alexsmobs:emu":1},"minecraft:killed_by":{"minecraft:pillager":1,"minecraft:zombie":5,"alexsmobs:komodo_dragon":1,"alexscaves:vallumraptor":6,"minecraft:creeper":3,"minecraft:cave_spider":1,"alexscaves:tremorsaurus":2,"minecraft:player":3,"minecraft:spider":1,"minecraft:enderman":1,"alexscaves:vesper":3,"minecraft:skeleton":1,"alexscaves:underzealot":1},"minecraft:used":{"pfm:cherry_pink_classic_bed":8,"minecraft:moss_block":2,"supplementaries:turn_table":15,"minecraft:chest":14,"minecraft:stone":2,"spartanweaponry:iron_javelin":9,"minecraft:cocoa_beans":19,"spartanweaponry:cave_spider_head":2,"pfm:thornwood_alexscaves_red_classic_bed":1,"minecraft:brick_slab":24,"vinery:creepers_crush":8,"minecraft:allium":1,"vinery:dark_cherry_sapling":4,"vinery:dark_cherry_chair":2,"handcrafted:crimson_bench":1,"minecraft:mangrove_stairs":11,"minecraft:grass_block":122,"pfm:dark_wood_table_classic":5,"vinery:straw_hat":1,"vinery:knulp_wine":12,"pfm:white_freezer":1,"minecraft:bow":4,"minecraft:furnace":1,"minecraft:egg":1,"handcrafted:dark_oak_table":4,"handcrafted:yellow_crockery_combo":4,"pfm:jungle_log_stool":3,"brewery:corn_seeds":5,"minecraft:jungle_boat":4,"minecraft:smooth_quartz_stairs":12,"minecraft:golden_apple":2,"minecraft:glow_berries":37,"pfm:dark_wood_modern_stool":10,"minecraft:blast_furnace":2,"vinery:stal_wine":2,"pfm:working_table":1,"minecraft:stone_button":2,"supplementaries:clock_block":5,"alexscaves:cycad":1,"vinery:dark_cherry_wine_rack_big":4,"minecraft:smithing_table":1,"supplementaries:checker_block":33,"alexsmobs:leafcutter_ant_chamber":19,"pfm:basic_bathtub":2,"minecraft:iron_bars":17,"brewery:wooden_brewingstation":2,"handcrafted:fancy_painting":26,"alexsmobs:rainbow_glass":18,"minecraft:armor_stand":1,"supplementaries:crystal_display":6,"vinery:jungle_grapes_red":2,"minecraft:torch":94,"minecraft:anvil":1,"vinery:dark_cherry_table":1,"supplementaries:pedestal":3,"handcrafted:terracotta_crockery_combo":1,"herbalbrews:rooibos_leaf":8,"brewery:table":4,"butchersdelight:cleaver":15,"minecraft:iron_axe":157,"minecraft:rooted_dirt":30,"minecraft:brick_stairs":34,"minecraft:jungle_log":15,"pfm:cherry_chair_dinner":1,"minecraft:bamboo":1,"supplementaries:statue":1,"vinery:dark_cherry_wine_rack_mid":2,"minecraft:cobbled_deepslate":13,"minecraft:cherry_fence":4,"minecraft:cherry_log":6,"pfm:basic_lamp":2,"spartanweaponry:illager_head":3,"supplementaries:blackboard":5,"minecraft:wheat_seeds":2,"minecraft:water_bucket":10,"vinery:window":12,"supplementaries:blackstone_lamp":3,"herbalbrews:hibiscus_tea":1,"pfm:basic_sink":2,"minecraft:cherry_planks":107,"brewery:silo_wood":2,"supplementaries:timber_frame":5,"supplementaries:deepslate_lamp":1,"alexscaves:primitive_club":3,"minecraft:vine":1,"minecraft:crafting_table":9,"supplementaries:bomb":1,"minecraft:campfire":2,"alexsmobs:flying_fish":1,"vinery:jungle_grapes_white":4,"handcrafted:blue_crockery_combo":3,"pfm:thornwood_alexscaves_red_simple_bed":1,"supplementaries:sign_post_cherry":5,"minecraft:iron_pickaxe":722,"minecraft:leather_helmet":3,"vinery:dark_cherry_leaves":6,"vinery:fermentation_barrel":1,"farmersdelight:pink_canvas_sign":2,"herbalbrews:milk_coffee":1,"vinery:winemaker_leggings":1,"minecraft:cobblestone":57,"travelersbackpack:standard":9,"herbalbrews:stove":1,"pfm:dark_wood_chair_dinner":9,"vinery:grapevine_pot":1,"minecraft:glass_pane":3,"vinery:apple_tree_sapling":1,"alexscaves:flytrap":3,"handcrafted:bricks_pillar_trim":5,"handcrafted:bricks_corner_trim":9,"minecraft:iron_shovel":70,"minecraft:polished_deepslate":10,"vinery:red_wine":4,"butchersdelight:hook":1,"alexscaves:thornwood_wood":1,"alexsmobs:medium_catfish_bucket":1,"herbalbrews:witch_hat":1,"pfm:xbox_fridge":1,"supplementaries:globe":5,"minecraft:jungle_planks":3,"minecraft:glass":2,"pfm:iron_toaster":3,"bakery:iron_chair":1,"minecraft:bricks":51,"handcrafted:granite_pillar_trim":11,"minecraft:lantern":5,"alexscaves:moth_ball":3,"minecraft:packed_mud":7,"minecraft:golden_sword":32,"farmersdelight:cutting_board":2,"pfm:dark_wood_table_basic":4,"pfm:kitchen_stovetop":3,"minecraft:stone_pickaxe":258,"minecraft:mangrove_planks":91,"minecraft:oak_planks":4,"pfm:wall_toilet_paper":3,"minecraft:ender_pearl":1,"supplementaries:notice_board":4,"pfm:netherite_table_dinner":1,"minecraft:white_wool":4,"alexscaves:cave_book":12,"pfm:stripped_cherry_chair_modern":2,"supplementaries:candle_holder_white":10,"handcrafted:bench":1,"minecraft:shears":23,"herbalbrews:coffee_beans":3,"pfm:iron_oven_range_hood":4,"minecraft:lever":8,"pfm:deepslate_tile_kitchen_cabinet":1,"supplementaries:stone_lamp":1,"minecraft:bread":43,"minecraft:melon_slice":1,"spartanweaponry:copper_scythe":148,"supplementaries:iron_gate":7,"minecraft:gravel":16,"brewery:bench":4,"pfm:cherry_chair_modern":2,"herbalbrews:jug":5,"pfm:white_shower_towel":3,"handcrafted:white_bowl":1,"minecraft:andesite":1,"minecraft:bone_meal":53,"herbalbrews:copper_tea_kettle":4,"spartanweaponry:iron_scythe":136,"herbalbrews:hibiscus":5,"tacz:gun_smith_table":3,"handcrafted:yellow_cushion":1,"alexscaves:forsaken_idol":1,"alexscaves:thornwood_planks":248,"spartanweaponry:iron_halberd":2,"pfm:trashcan":4,"pfm:glass_modern_pendant":4,"brewery:beer_hops":28,"minecraft:dirt":26,"minecraft:golden_chestplate":1,"handcrafted:wood_crockery_combo":1,"minecraft:andesite_wall":2,"vinery:winemaker_boots":1,"minecraft:wooden_axe":48,"minecraft:dark_oak_planks":215,"vinery:grapevine_stem":5,"alexscaves:spelunkery_table":2,"alexsmobs:lobster_bucket":4,"minecraft:white_stained_glass_pane":10,"brewery:pretzel":6,"alexscaves:dinosaur_nugget":6,"pfm:basic_shower_head":4,"minecraft:acacia_boat":1,"vinery:white_jungle_grapejuice":2,"pfm:simple_light":1,"alexscaves:dinosaur_chop":1,"minecraft:baked_potato":26,"handcrafted:phantom_trophy":3,"handcrafted:cherry_fancy_bed":1,"alexscaves:curly_fern":1,"bakery:strawberry":16,"spartanweaponry:iron_katana":6,"minecraft:smoker":1,"minecraft:cherry_door":2,"vinery:winemaker_apron":1,"handcrafted:granite_corner_trim":22,"handcrafted:white_crockery_combo":2,"pfm:oak_chair":1,"minecraft:stone_axe":99,"minecraft:pink_petals":7,"brewery:beer_mug":3,"minecraft:cherry_stairs":4,"vinery:cherry_lattice":27,"minecraft:bucket":28,"alexsmobs:animal_dictionary":1,"pfm:basic_toilet":4,"butchersdelight:rack":1,"pfm:basic_plate":5},"minecraft:broken":{"minecraft:golden_sword":1,"spartanweaponry:copper_scythe":1,"minecraft:iron_pickaxe":2,"vinery:straw_hat":1,"minecraft:stone_pickaxe":2,"minecraft:stone_axe":1,"minecraft:golden_chestplate":1,"minecraft:leather_boots":1},"minecraft:custom":{"minecraft:interact_with_crafting_table":97,"minecraft:open_barrel":296,"minecraft:leave_game":32,"minecraft:time_since_death":30201,"minecraft:use_bathtub":3,"minecraft:play_time":1106885,"minecraft:deaths":34,"minecraft:jump":9330,"minecraft:interact_with_furnace":41,"minecraft:interact_with_cartography_table":1,"minecraft:stove_opened":7,"minecraft:sleep_in_bed":39,"minecraft:damage_dealt":23588,"minecraft:interact_with_smoker":11,"minecraft:use_cauldron":1,"minecraft:interact_with_smithing_table":4,"minecraft:interact_with_anvil":1,"minecraft:fridge_opened":21,"minecraft:chair_used":3,"minecraft:sneak_time":14105,"minecraft:drawer_searched":4,"minecraft:interact_with_blast_furnace":26,"minecraft:total_world_time":1107352,"minecraft:trashcan_opened":7,"minecraft:cabinet_searched":5,"minecraft:time_since_rest":2913,"minecraft:swim_one_cm":252035,"minecraft:fly_one_cm":1469845,"minecraft:freezer_opened":7,"minecraft:open_chest":351,"minecraft:fall_one_cm":186633,"minecraft:damage_resisted":10,"minecraft:sprint_one_cm":1128428,"minecraft:drop":191,"minecraft:talked_to_villager":3,"minecraft:walk_on_water_one_cm":142177,"minecraft:interact_with_loom":14,"minecraft:crouch_one_cm":33046,"minecraft:mob_kills":195,"minecraft:fill_cauldron":1,"minecraft:climb_one_cm":25161,"minecraft:walk_one_cm":2952182,"minecraft:sink_filled":1,"minecraft:walk_under_water_one_cm":138725,"minecraft:boat_one_cm":714399,"minecraft:toilet_used":20,"minecraft:damage_taken":13518,"minecraft:damage_absorbed":95},"minecraft:crafted":{"vinery:red_wine":1,"herbalbrews:coffee":1,"minecraft:smooth_stone":3,"brewery:beer_mug":8,"vinery:jungle_grape_seeds_white":12,"butchersdelight:rack":1,"pfm:cherry_pink_classic_bed":2,"herbalbrews:milk_coffee":1,"vinery:wine_bottle":24,"minecraft:glass_bottle":12,"vinery:dark_cherry_planks":24,"herbalbrews:hibiscus_tea":3,"farmersdelight:iron_knife":1,"minecraft:jungle_boat":1,"travelersbackpack:standard":2,"minecraft:copper_ingot":79,"pfm:working_table":1,"minecraft:iron_pickaxe":3,"minecraft:iron_block":1,"minecraft:gold_ingot":80,"brewery:wooden_brewingstation":1,"vinery:winemaker_leggings":1,"vinery:creepers_crush":1,"minecraft:iron_nugget":54,"minecraft:bone_meal":9,"vinery:fermentation_barrel":1,"minecraft:stone_pickaxe":1,"minecraft:wheat":99,"brewery:silo_wood":2,"alexscaves:cooked_dinosaur_chop":2,"brewery:bench":4,"tacz:gun_smith_table":1,"spartanweaponry:copper_scythe":1,"minecraft:gunpowder":3,"minecraft:wooden_axe":1,"minecraft:iron_shovel":1,"minecraft:barrel":1,"spartanweaponry:iron_scythe":1,"minecraft:bow":2,"minecraft:chest":10,"alexscaves:primitive_club":1,"minecraft:cherry_fence":3,"alexscaves:cave_book":1,"minecraft:cauldron":2,"vinery:grapevine_stem":4,"minecraft:crafting_table":2,"minecraft:baked_potato":27,"minecraft:red_wool":9,"butchersdelight:cleaver":1,"farmersdelight:cutting_board":1,"minecraft:book":1,"minecraft:paper":18,"minecraft:charcoal":9,"minecraft:stick":39,"minecraft:iron_ingot":97,"vinery:red_grape_seeds":2,"vinery:jungle_grape_seeds_red":11,"vinery:winemaker_apron":1,"minecraft:shears":1,"minecraft:cherry_planks":132,"alexscaves:dinosaur_nugget":24,"brewery:pretzel":84,"minecraft:furnace":2,"vinery:grapevine_pot":1,"minecraft:blast_furnace":1,"alexscaves:cave_map":2,"vinery:knulp_wine":1,"minecraft:leather":2,"minecraft:iron_axe":2,"vinery:stal_wine":1,"minecraft:sugar":12,"minecraft:red_dye":10,"vinery:dark_cherry_slab":6,"vinery:cherry_lattice":8,"butchersdelight:hook":1,"spartanweaponry:pole":2,"minecraft:bucket":1,"minecraft:stone_axe":2,"minecraft:acacia_boat":1,"minecraft:air":0,"minecraft:jungle_planks":56,"minecraft:blue_dye":2,"vinery:straw_hat":1,"minecraft:gold_nugget":9,"brewery:table":2,"minecraft:blue_wool":2,"minecraft:acacia_planks":12},"minecraft:dropped":{"minecraft:clay":1,"minecraft:iron_sword":1,"minecraft:diamond":1,"alexscaves:curly_fern":4,"minecraft:crossbow":1,"vinery:jungle_grape_seeds_white":1,"minecraft:rooted_dirt":2,"brewery:brewfest_dress":2,"minecraft:dirt":2,"minecraft:dark_oak_trapdoor":1,"alexscaves:dinosaur_nugget":18,"supplementaries:turn_table":4,"minecraft:sand":1,"minecraft:iron_pickaxe":11,"spartanweaponry:cave_spider_head":3,"butchersdelight:cow_hide":12,"minecraft:bone":1,"minecraft:stone_axe":1,"minecraft:lever":9,"minecraft:cobbled_deepslate":3,"butchersdelight:deadsheep":2,"minecraft:rotten_flesh":19,"supplementaries:flax_seeds":5,"brewery:hops":3,"minecraft:glass":9,"minecraft:cherry_fence":1,"minecraft:iron_ingot":14,"minecraft:wheat_seeds":17,"butchersdelight:sheephide":1,"minecraft:oak_fence":2,"minecraft:cobblestone":26,"vinery:jungle_grape_seeds_red":1,"minecraft:coal":11,"minecraft:wooden_axe":3,"minecraft:cherry_planks":64,"alexscaves:limestone":7,"minecraft:white_banner":1,"butchersdelight:deadpig":5,"bakery:rolling_pin":1,"alexscaves:guano":3,"spartanweaponry:iron_halberd":1,"herbalbrews:witch_hat":1,"minecraft:allium":3,"minecraft:wooden_shovel":1,"tacz:ammo":45,"minecraft:sandstone":1,"minecraft:candle":3,"minecraft:moss_block":4,"herbalbrews:hibiscus_tea":5,"minecraft:oak_log":1,"minecraft:baked_potato":1,"minecraft:lantern":2,"minecraft:jungle_planks":3,"farmersdelight:rice":5,"alexscaves:cave_map":3,"minecraft:fern":1,"supplementaries:ash":14,"minecraft:leather_chestplate":2,"minecraft:skeleton_skull":2,"minecraft:azalea":2,"brewery:beer_hops":4,"minecraft:water_bucket":1,"minecraft:grass_block":1,"alexscaves:coprolith":1,"bakery:strawberry_seeds":3,"tacz:modern_kinetic_gun":1,"minecraft:iron_axe":1,"alexscaves:guanostone":2,"minecraft:pink_petals":19,"minecraft:bucket":2,"brewery:beer_mug":1,"alexsmobs:maggot":2,"minecraft:raw_copper":1,"farmersdelight:cabbage_seeds":2,"vinery:jungle_grapes_white":1,"supplementaries:globe":1,"minecraft:stripped_oak_log":1,"chiselsandbits:chisel_stone":1,"brewery:hops_seeds":2,"supplementaries:statue":1,"minecraft:stone_pickaxe":1},"minecraft:picked_up":{"minecraft:wooden_axe":3,"brewery:table":2,"vinery:red_grape":6,"butchersdelightfoods:legcow":9,"minecraft:lead":2,"farmersdelight:rice_panicle":1,"minecraft:amethyst_block":17,"farmersdelight:cutting_board":1,"minecraft:music_disc_cat":1,"minecraft:string":73,"minecraft:dark_oak_trapdoor":1,"minecraft:cobbled_deepslate":29,"handcrafted:cyan_sheet":1,"minecraft:melon_slice":1,"minecraft:mangrove_log":2,"alexscaves:thornwood_wood":1,"minecraft:cherry_log":35,"minecraft:honeycomb_block":1,"minecraft:tropical_fish":1,"farmersdelight:rope":36,"supplementaries:ash":32,"vinery:dark_cherry_log":6,"alexsmobs:flying_fish":1,"butchersdelightfoods:beeftenderloin":6,"farmersdelight:rice":5,"minecraft:cherry_leaves":25,"minecraft:jungle_log":59,"minecraft:jungle_wood":9,"minecraft:smoker":1,"brewery:corn_seeds":16,"minecraft:flint":5,"butchersdelight:deadpig":6,"pfm:white_shower_towel":1,"farmersdelight:tomato":1,"minecraft:cherry_door":2,"minecraft:lantern":3,"alexscaves:guano":5,"vinery:grapevine_stem":5,"tacz:gun_smith_table":2,"minecraft:moss_block":6,"minecraft:honeycomb":3,"alexscaves:amber_curiosity":1,"butchersdelight:skullcow":2,"alexsmobs:animal_dictionary":1,"minecraft:barrel":2,"minecraft:lever":9,"minecraft:dead_brain_coral_block":33,"pfm:iron_toaster":6,"minecraft:bread":30,"alexsmobs:maggot":2,"minecraft:rooted_dirt":40,"vinery:dark_cherry_leaves":20,"minecraft:crafting_table":8,"minecraft:coarse_dirt":3,"alexscaves:primal_magma":2,"minecraft:clay_ball":119,"minecraft:golden_pickaxe":1,"supplementaries:globe":1,"minecraft:white_carpet":2,"tacz:ammo":72,"butchersdelight:dead_cow":18,"minecraft:beef":2,"vinery:cherry":11,"herbalbrews:coffee_beans":5,"minecraft:poppy":1,"minecraft:chest":3,"minecraft:egg":1,"minecraft:sandstone":1,"alexscaves:guanostone":2,"alexscaves:cycad":3,"minecraft:music_disc_mellohi":1,"supplementaries:pedestal":1,"butchersdelight:deadsheep":3,"spartanweaponry:illager_head":1,"vinery:window":1,"minecraft:hay_block":11,"brewery:corn":6,"minecraft:gold_ingot":2,"minecraft:glow_berries":1,"minecraft:white_wool":17,"minecraft:stripped_oak_log":3,"alexscaves:pewen_log":2,"vinery:rotten_cherry":3,"minecraft:fern":1,"spartanweaponry:iron_longsword":1,"minecraft:filled_map":1,"minecraft:packed_mud":14,"minecraft:oak_log":1,"alexscaves:ambersol":1,"minecraft:white_banner":1,"minecraft:apple":8,"minecraft:stone_pickaxe":1,"minecraft:iron_sword":1,"alexscaves:coprolith":1,"minecraft:smooth_basalt":19,"vinery:jungle_grapes_white":34,"minecraft:gravel":51,"travelersbackpack:standard":3,"pfm:wall_toilet_paper":1,"tacz:modern_kinetic_gun":2,"alexscaves:cave_map":3,"minecraft:baked_potato":41,"minecraft:ender_pearl":2,"minecraft:wheat":8,"brewery:dried_corn":5,"bakery:strawberry_seeds":3,"spartanweaponry:iron_katana":1,"minecraft:raw_copper":59,"minecraft:zombie_head":6,"brewery:hops":37,"farmersdelight:cabbage":1,"minecraft:bucket":2,"herbalbrews:rooibos_leaf":8,"vinery:knulp_wine":4,"minecraft:white_tulip":1,"minecraft:calcite":19,"minecraft:azalea":2,"minecraft:iron_pickaxe":11,"farmersdelight:cabbage_seeds":2,"alexsmobs:leafcutter_ant_chamber":19,"minecraft:furnace":1,"minecraft:stick":10,"minecraft:oak_fence":4,"minecraft:torch":73,"alexsmobs:lobster_bucket":1,"alexscaves:heavy_bone":5,"minecraft:porkchop":1,"minecraft:vine":1,"bakery:rolling_pin":1,"minecraft:rotten_flesh":25,"butchersdelightfoods:ham":2,"alexsmobs:emu_egg":1,"vinery:apple_log":6,"minecraft:cobblestone":494,"minecraft:pink_petals":245,"minecraft:leather_chestplate":1,"brewery:beer_mug":9,"minecraft:cherry_planks":9,"minecraft:andesite":66,"pfm:glass_modern_pendant":1,"vinery:cherry_lattice":3,"supplementaries:flax_seeds":6,"supplementaries:turn_table":4,"minecraft:dirt":84,"brewery:hops_seeds":2,"minecraft:bone":37,"farmersdelight:iron_knife":1,"minecraft:bow":3,"minecraft:wheat_seeds":38,"minecraft:raw_gold":50,"farmersdelight:pumpkin_slice":4,"minecraft:bamboo":80,"minecraft:oak_planks":11,"brewery:beer_hops":5,"minecraft:music_disc_13":1,"minecraft:jungle_planks":2,"herbalbrews:hibiscus":22,"butchersdelight:cow_hide":15,"vinery:dark_cherry_sapling":4,"minecraft:sand":1,"herbalbrews:copper_tea_kettle":1,"butchersdelightfoods:beefribs":5,"minecraft:mossy_cobblestone":1,"vinery:jungle_grapes_red":32,"minecraft:clay":1,"minecraft:diamond":4,"minecraft:crossbow":1,"minecraft:bone_meal":1,"pfm:furniture_book":1,"butchersdelight:hook":1,"minecraft:cocoa_beans":55,"minecraft:allium":4,"vinery:creepers_crush":3,"spartanweaponry:cave_spider_head":5,"minecraft:brown_mushroom":2,"minecraft:moss_carpet":1,"supplementaries:statue":1,"alexscaves:dinosaur_chop":3,"minecraft:candle":3,"vinery:apple_tree_sapling":4,"minecraft:light_gray_wool":6,"minecraft:sugar_cane":38,"minecraft:raw_iron":95,"spartanweaponry:spider_head":3,"pfm:dark_wood_modern_stool":7,"alexsmobs:leafcutter_ant_pupa":2,"spartanweaponry:iron_halberd":1,"minecraft:arrow":24,"alexscaves:dark_tatters":4,"alexscaves:spelunkery_table":1,"chiselsandbits:chisel_stone":1,"pfm:cherry_pink_classic_bed":2,"alexscaves:vesper_wing":1,"minecraft:skeleton_skull":3,"minecraft:jungle_boat":5,"minecraft:leather":1,"alexscaves:forsaken_idol":1,"alexscaves:limestone":135,"brewery:wooden_brewingstation":1,"minecraft:gunpowder":8,"brewery:brewfest_dress":1,"alexscaves:amber":73,"minecraft:iron_ingot":27,"alexscaves:curly_fern":5,"minecraft:pink_bed":1,"bakery:strawberry":10,"minecraft:amethyst_shard":2,"minecraft:blast_furnace":1,"minecraft:spider_eye":6,"butchersdelight:sheephide":1,"minecraft:honey_block":1,"minecraft:cherry_sapling":1,"minecraft:coal":72}},"DataVersion":3465}