{"stats":{"minecraft:picked_up":{"minecraft:wooden_axe":1,"minecraft:yellow_wool":3,"brewery:dried_corn":5,"farmersdelight:rice_panicle":11,"bakery:strawberry_seeds":2,"minecraft:amethyst_block":17,"minecraft:music_disc_cat":1,"minecraft:dark_oak_trapdoor":6,"minecraft:dead_tube_coral_block":3,"minecraft:raw_copper":19,"minecraft:red_candle":6,"minecraft:beetroot":8,"minecraft:smooth_stone":1,"minecraft:gold_nugget":8,"minecraft:cobbled_deepslate":32,"farmersdelight:cabbage":2,"alexscaves:stripped_thornwood_log":4,"minecraft:white_tulip":1,"minecraft:calcite":20,"minecraft:azalea":5,"minecraft:melon_slice":70,"farmersdelight:cabbage_seeds":36,"minecraft:furnace":2,"minecraft:stick":6,"brewery:pretzel":63,"farmersdelight:rotten_tomato":1,"minecraft:torch":36,"minecraft:honeycomb_block":1,"minecraft:cherry_log":148,"minecraft:rotten_flesh":1,"farmersdelight:onion":26,"minecraft:obsidian":11,"minecraft:cobblestone":192,"minecraft:pink_petals":248,"minecraft:andesite":61,"farmersdelight:rice":3,"minecraft:cherry_planks":85,"minecraft:cherry_leaves":25,"minecraft:jungle_log":78,"minecraft:potato":9,"brewery:corn_seeds":27,"butchersdelight:deadpig":1,"minecraft:flint":3,"minecraft:tuff":2,"supplementaries:flax_seeds":33,"farmersdelight:tomato":30,"alexscaves:thornwood_stairs":4,"minecraft:cherry_door":2,"minecraft:dirt":221,"minecraft:lapis_lazuli":25,"minecraft:name_tag":1,"minecraft:glass":25,"minecraft:bone":1,"alexscaves:guano":1,"minecraft:wheat_seeds":40,"minecraft:raw_gold":73,"alexscaves:moth_ball":2,"minecraft:bamboo":69,"minecraft:moss_block":1,"minecraft:music_disc_13":1,"minecraft:poisonous_potato":2,"minecraft:sand":57,"alexsmobs:animal_dictionary":1,"minecraft:barrel":21,"minecraft:mossy_cobblestone":1,"minecraft:diamond":2,"minecraft:dead_brain_coral_block":33,"minecraft:bread":30,"minecraft:emerald":6,"minecraft:rooted_dirt":381,"pfm:furniture_book":1,"minecraft:crafting_table":9,"minecraft:mud":1,"minecraft:mud_brick_slab":2,"minecraft:coarse_dirt":1,"minecraft:allium":3,"minecraft:clay_ball":87,"minecraft:brown_mushroom":4,"minecraft:dead_horn_coral_block":6,"minecraft:cornflower":21,"minecraft:moss_carpet":1,"minecraft:stone_stairs":1,"minecraft:iron_axe":1,"butchersdelight:dead_cow":1,"minecraft:blackstone":2,"minecraft:cartography_table":1,"minecraft:candle":28,"minecraft:beef":1,"minecraft:iron_nugget":12,"minecraft:poppy":3,"minecraft:light_gray_wool":6,"minecraft:chest":7,"minecraft:dark_oak_sapling":2,"minecraft:raw_iron":40,"minecraft:copper_ingot":2,"minecraft:music_disc_mellohi":1,"farmersdelight:tomato_seeds":12,"minecraft:carrot":5,"minecraft:redstone":4,"alexsmobs:leafcutter_ant_pupa":2,"minecraft:arrow":3,"alexscaves:dark_tatters":3,"minecraft:beetroot_seeds":50,"minecraft:peony":1,"minecraft:hay_block":8,"minecraft:gold_ingot":14,"alexscaves:vesper_wing":1,"minecraft:glow_berries":2,"minecraft:white_wool":12,"minecraft:skeleton_skull":3,"minecraft:rail":2,"minecraft:oxeye_daisy":8,"minecraft:stripped_oak_log":1,"minecraft:jungle_boat":4,"minecraft:basalt":1,"minecraft:jungle_fence":6,"alexscaves:forsaken_idol":2,"minecraft:filled_map":1,"minecraft:packed_mud":16,"alexscaves:limestone":73,"minecraft:gunpowder":14,"minecraft:white_banner":1,"butchersdelight:deadchiken":2,"minecraft:red_carpet":8,"minecraft:coast_armor_trim_smithing_template":2,"minecraft:apple":6,"alexscaves:thornwood_planks":3,"alexscaves:coprolith":4,"minecraft:book":3,"bakery:strawberry":44,"minecraft:smooth_basalt":19,"alexscaves:moth_dust":1,"minecraft:sweet_berries":27,"minecraft:dandelion":1,"minecraft:gravel":13,"minecraft:dead_fire_coral_block":7,"minecraft:amethyst_shard":2,"minecraft:red_banner":8,"minecraft:spruce_sapling":1,"minecraft:white_bed":1,"travelersbackpack:standard":3,"minecraft:pumpkin_seeds":2,"minecraft:stone_axe":2,"minecraft:honey_block":5,"minecraft:dead_bubble_coral_block":7,"minecraft:cherry_sapling":3,"alexscaves:cave_map":1,"minecraft:acacia_slab":5,"minecraft:dark_oak_wood":1,"minecraft:coal":166,"minecraft:sunflower":36},"minecraft:crafted":{"minecraft:barrel":30,"minecraft:cherry_slab":6,"minecraft:stone":217,"minecraft:iron_boots":1,"minecraft:magenta_dye":2,"minecraft:wooden_shovel":1,"minecraft:crafting_table":2,"farmersdelight:iron_knife":1,"minecraft:jungle_boat":2,"minecraft:acacia_slab":6,"travelersbackpack:standard":1,"minecraft:wooden_pickaxe":1,"minecraft:baked_potato":12,"minecraft:iron_helmet":1,"minecraft:iron_chestplate":1,"minecraft:yellow_dye":3,"minecraft:stick":100,"minecraft:iron_ingot":40,"minecraft:iron_pickaxe":1,"minecraft:light_gray_dye":1,"minecraft:shears":1,"minecraft:cherry_planks":612,"minecraft:stone_shovel":3,"minecraft:furnace":1,"minecraft:bone_meal":3,"minecraft:stone_stairs":4,"minecraft:lantern":1,"minecraft:iron_axe":1,"minecraft:stone_pickaxe":2,"minecraft:jungle_fence":57,"minecraft:dark_oak_planks":4,"minecraft:bucket":1,"minecraft:stone_axe":1,"minecraft:jungle_slab":54,"minecraft:jungle_planks":264,"minecraft:blue_dye":17,"minecraft:wooden_axe":2,"minecraft:iron_leggings":1,"minecraft:acacia_planks":4,"minecraft:torch":64},"minecraft:broken":{"minecraft:stone_pickaxe":1,"minecraft:stone_axe":2,"minecraft:stone_shovel":3,"minecraft:iron_axe":1,"minecraft:iron_pickaxe":1},"minecraft:dropped":{"butchersdelight:dead_cow":1,"minecraft:baked_potato":9,"minecraft:jungle_fence":27,"minecraft:rooted_dirt":319,"minecraft:jungle_planks":8,"minecraft:dirt":139,"minecraft:cornflower":4,"alexscaves:cave_map":1,"minecraft:sand":1,"minecraft:stone_axe":1,"minecraft:blackstone":2,"alexscaves:forsaken_idol":2,"minecraft:cobbled_deepslate":4,"minecraft:rotten_flesh":1,"minecraft:oak_planks":5,"minecraft:acacia_slab":1,"minecraft:basalt":1,"minecraft:arrow":3,"minecraft:wheat_seeds":14,"minecraft:cobblestone":1,"minecraft:stick":4,"minecraft:oxeye_daisy":4,"minecraft:jungle_slab":3,"minecraft:blue_dye":15,"minecraft:wooden_axe":1,"minecraft:melon_slice":20,"minecraft:cherry_planks":5,"alexscaves:thornwood_planks":3,"minecraft:mud":1,"butchersdelight:deadpig":1,"butchersdelight:deadchiken":2,"minecraft:raw_copper":19,"minecraft:tuff":2,"minecraft:clay_ball":8,"minecraft:cherry_slab":2,"minecraft:stone":22,"minecraft:bamboo":9,"minecraft:magenta_dye":2,"minecraft:stone_pickaxe":1,"minecraft:wooden_pickaxe":1},"minecraft:custom":{"minecraft:interact_with_crafting_table":33,"minecraft:open_barrel":9,"minecraft:bell_ring":1,"minecraft:leave_game":9,"minecraft:time_since_death":196540,"minecraft:sprint_one_cm":291148,"minecraft:drop":80,"minecraft:talked_to_villager":2,"minecraft:play_time":333083,"minecraft:deaths":2,"minecraft:jump":2132,"minecraft:walk_on_water_one_cm":50226,"minecraft:interact_with_furnace":26,"minecraft:sleep_in_bed":4,"minecraft:damage_dealt":2385,"minecraft:player_kills":1,"minecraft:crouch_one_cm":7110,"minecraft:horse_one_cm":1758,"minecraft:mob_kills":14,"minecraft:climb_one_cm":6738,"minecraft:walk_one_cm":1176983,"minecraft:sneak_time":2833,"minecraft:walk_under_water_one_cm":19087,"minecraft:boat_one_cm":140267,"minecraft:total_world_time":333083,"minecraft:time_since_rest":9510,"minecraft:damage_taken":2256,"minecraft:swim_one_cm":26711,"minecraft:fly_one_cm":191350,"minecraft:open_chest":37,"minecraft:fall_one_cm":49745},"minecraft:killed_by":{"minecraft:zombie":1},"minecraft:killed":{"minecraft:spider":1,"minecraft:skeleton":3,"alexscaves:underzealot":4,"minecraft:zombie":3,"alexscaves:vesper":1},"minecraft:mined":{"minecraft:white_bed":1,"minecraft:cherry_log":149,"alexsmobs:leafcutter_anthill":1,"minecraft:jungle_leaves":9,"minecraft:granite":4,"minecraft:grass_block":52,"minecraft:dead_tube_coral_block":3,"minecraft:jungle_log":79,"alexscaves:coprolith":3,"minecraft:oxeye_daisy":7,"minecraft:smooth_stone":1,"minecraft:tall_seagrass":1,"minecraft:dark_oak_trapdoor":3,"farmersdelight:wild_rice":3,"minecraft:iron_ore":26,"minecraft:barrel":21,"minecraft:azalea_leaves":84,"farmersdelight:wild_potatoes":10,"minecraft:brown_mushroom":2,"minecraft:blackstone":2,"minecraft:dead_bubble_coral_block":9,"minecraft:clay":2,"minecraft:torch":13,"minecraft:dark_oak_wood":1,"minecraft:calcite":1,"minecraft:poppy":3,"minecraft:melon":4,"minecraft:chest":8,"supplementaries:wild_flax":14,"minecraft:honeycomb_block":1,"minecraft:wall_torch":11,"alexscaves:thornwood_planks":4,"minecraft:pink_petals":105,"minecraft:skeleton_skull":3,"minecraft:seagrass":2,"minecraft:stone_stairs":1,"minecraft:red_candle":1,"farmersdelight:sandy_shrub":1,"minecraft:mud":1,"minecraft:grass":161,"minecraft:sand":6,"minecraft:dirt":176,"minecraft:oak_leaves":8,"minecraft:deepslate":17,"minecraft:red_carpet":4,"minecraft:tuff":2,"minecraft:mossy_cobblestone":1,"minecraft:dark_oak_leaves":20,"minecraft:candle":2,"farmersdelight:wild_carrots":4,"alexscaves:stripped_thornwood_log":2,"minecraft:glow_lichen":2,"minecraft:allium":2,"alexscaves:moth_ball":1,"minecraft:brown_mushroom_block":2,"farmersdelight:wild_cabbages":15,"minecraft:rooted_dirt":378,"minecraft:large_fern":1,"minecraft:hay_block":8,"minecraft:furnace":2,"minecraft:packed_mud":8,"alexscaves:thornwood_stairs":2,"minecraft:peony":1,"minecraft:dead_horn_coral_block":7,"minecraft:deepslate_iron_ore":14,"travelersbackpack:yellow_sleeping_bag":2,"minecraft:vine":6,"minecraft:bamboo":4,"minecraft:stone":107,"minecraft:white_tulip":1,"minecraft:mud_brick_slab":2,"minecraft:cherry_planks":75,"minecraft:basalt":1,"minecraft:dandelion":1,"travelersbackpack:standard":2,"minecraft:crafting_table":10,"minecraft:cornflower":22,"minecraft:honey_block":1,"bakery:wild_strawberries":46,"minecraft:tall_grass":4,"minecraft:copper_ore":5,"minecraft:deepslate_coal_ore":2,"minecraft:deepslate_gold_ore":50,"farmersdelight:wild_beetroots":25,"minecraft:dead_fire_coral_block":7,"minecraft:coarse_dirt":1,"butchersdelight:deadcowblock":1,"minecraft:sweet_berry_bush":12,"minecraft:jungle_fence":6,"minecraft:red_wall_banner":4,"minecraft:dead_brain_coral_block":34,"minecraft:coal_ore":85,"minecraft:cherry_leaves":85,"minecraft:sunflower":12,"minecraft:fern":42},"minecraft:used":{"minecraft:beetroot":4,"minecraft:chest":7,"minecraft:stone":189,"minecraft:iron_chestplate":1,"minecraft:jungle_planks":15,"minecraft:carrot":2,"minecraft:lantern":1,"minecraft:iron_helmet":1,"minecraft:furnace":3,"minecraft:stone_pickaxe":237,"minecraft:jungle_fence":36,"minecraft:wooden_pickaxe":3,"spartanweaponry:iron_boomerang":2,"minecraft:jungle_boat":4,"minecraft:sand":1,"minecraft:shears":34,"minecraft:melon_slice":14,"minecraft:bread":29,"minecraft:bone_meal":3,"minecraft:dead_tube_coral_block":1,"minecraft:stone_shovel":395,"minecraft:wooden_shovel":41,"minecraft:torch":75,"brewery:beer_hops":1,"minecraft:dirt":80,"minecraft:stone_stairs":5,"minecraft:wooden_axe":65,"minecraft:iron_axe":418,"minecraft:rooted_dirt":58,"minecraft:jungle_log":19,"minecraft:iron_boots":1,"minecraft:barrel":51,"minecraft:cherry_log":3,"minecraft:iron_leggings":1,"minecraft:water_bucket":1,"minecraft:baked_potato":3,"minecraft:cherry_planks":567,"minecraft:crafting_table":11,"bakery:strawberry":1,"minecraft:white_bed":1,"minecraft:iron_pickaxe":246,"minecraft:spruce_sapling":1,"minecraft:stone_axe":228,"brewery:beer_mug":1,"travelersbackpack:standard":10,"minecraft:white_banner":1,"minecraft:bucket":2,"minecraft:smooth_stone":1}},"DataVersion":3465}