{"stats":{"minecraft:picked_up":{"minecraft:wooden_axe":1,"minecraft:yellow_wool":3,"brewery:dried_corn":5,"farmersdelight:rice_panicle":11,"alexscaves:cave_tablet":11,"bakery:strawberry_seeds":2,"minecraft:amethyst_block":17,"minecraft:music_disc_cat":1,"minecraft:string":138,"minecraft:dead_tube_coral_block":3,"minecraft:dark_oak_trapdoor":6,"minecraft:raw_copper":19,"minecraft:red_candle":6,"minecraft:zombie_head":6,"butchersdelight:cleaver":1,"minecraft:beetroot":8,"minecraft:cobbled_deepslate":32,"minecraft:gold_nugget":8,"minecraft:smooth_stone":1,"farmersdelight:cabbage":2,"alexscaves:stripped_thornwood_log":4,"minecraft:white_tulip":1,"minecraft:calcite":20,"minecraft:azalea":5,"minecraft:melon_slice":70,"minecraft:mangrove_log":14,"farmersdelight:cabbage_seeds":36,"minecraft:furnace":2,"minecraft:stick":10,"brewery:pretzel":63,"farmersdelight:rotten_tomato":1,"minecraft:big_dripleaf":8,"minecraft:torch":63,"minecraft:honeycomb_block":1,"minecraft:cherry_log":148,"minecraft:rotten_flesh":13,"farmersdelight:onion":26,"supplementaries:antique_ink":2,"supplementaries:ash":24,"minecraft:obsidian":11,"minecraft:cobblestone":208,"minecraft:pink_petals":251,"spartanweaponry:handle":4,"minecraft:andesite":61,"farmersdelight:rice":3,"minecraft:cherry_planks":97,"minecraft:cherry_leaves":25,"minecraft:jungle_log":129,"minecraft:potato":9,"alexscaves:cave_book":1,"butchersdelight:deadpig":1,"brewery:corn_seeds":27,"minecraft:flint":3,"minecraft:tuff":2,"supplementaries:flax_seeds":33,"alexscaves:thornwood_stairs":4,"minecraft:lapis_lazuli":41,"minecraft:cherry_door":2,"farmersdelight:tomato":30,"minecraft:dirt":226,"minecraft:name_tag":1,"minecraft:bone":24,"minecraft:glass":25,"farmersdelight:iron_knife":1,"alexscaves:guano":4,"minecraft:wheat_seeds":43,"minecraft:raw_gold":73,"alexscaves:moth_ball":2,"minecraft:bamboo":69,"tacz:gun_smith_table":2,"minecraft:moss_block":8,"minecraft:music_disc_13":1,"minecraft:poisonous_potato":2,"minecraft:sand":57,"alexsmobs:animal_dictionary":1,"minecraft:barrel":29,"minecraft:mossy_cobblestone":1,"minecraft:iron_hoe":1,"alexscaves:occult_gem":1,"minecraft:diamond":2,"minecraft:dead_brain_coral_block":33,"minecraft:golden_horse_armor":1,"minecraft:bread":30,"minecraft:emerald":6,"minecraft:rooted_dirt":391,"pfm:furniture_book":1,"butchersdelight:hook":1,"minecraft:crafting_table":11,"minecraft:mud":1,"minecraft:mud_brick_slab":2,"minecraft:coarse_dirt":1,"minecraft:allium":3,"minecraft:clay_ball":495,"minecraft:golden_pickaxe":4,"minecraft:brown_mushroom":4,"minecraft:dead_horn_coral_block":6,"minecraft:cornflower":21,"minecraft:stone_stairs":1,"minecraft:moss_carpet":3,"minecraft:iron_axe":2,"minecraft:iron_shovel":1,"minecraft:blackstone":2,"butchersdelight:dead_cow":1,"minecraft:cartography_table":1,"minecraft:candle":28,"alexscaves:burrowing_arrow":5,"minecraft:beef":1,"minecraft:jungle_sapling":2,"minecraft:iron_nugget":31,"minecraft:poppy":3,"minecraft:light_gray_wool":6,"alexscaves:amber_monolith":1,"farmersdelight:golden_knife":1,"minecraft:chest":11,"minecraft:dark_oak_sapling":2,"minecraft:raw_iron":93,"minecraft:stone":3,"minecraft:copper_ingot":2,"minecraft:music_disc_mellohi":1,"farmersdelight:tomato_seeds":12,"spartanweaponry:spider_head":3,"minecraft:carrot":5,"minecraft:redstone":4,"alexsmobs:leafcutter_ant_pupa":2,"minecraft:iron_horse_armor":1,"minecraft:arrow":3,"minecraft:golden_hoe":1,"alexscaves:dark_tatters":20,"minecraft:beetroot_seeds":50,"minecraft:peony":1,"minecraft:shears":2,"minecraft:hay_block":8,"minecraft:gold_ingot":14,"alexscaves:vesper_wing":3,"minecraft:glow_berries":24,"minecraft:white_wool":12,"minecraft:skeleton_skull":7,"minecraft:rail":2,"minecraft:oxeye_daisy":8,"minecraft:stripped_oak_log":1,"minecraft:jungle_boat":4,"minecraft:basalt":1,"minecraft:jungle_fence":6,"spartanweaponry:iron_longsword":2,"alexscaves:forsaken_idol":2,"minecraft:filled_map":2,"minecraft:packed_mud":16,"alexscaves:limestone":73,"minecraft:golden_boots":1,"minecraft:gunpowder":14,"minecraft:white_banner":2,"butchersdelight:deadchiken":2,"minecraft:red_carpet":8,"minecraft:coast_armor_trim_smithing_template":2,"minecraft:apple":6,"alexscaves:thornwood_planks":3,"minecraft:stone_pickaxe":1,"minecraft:flowering_azalea":5,"minecraft:iron_sword":1,"alexscaves:coprolith":4,"minecraft:book":3,"bakery:strawberry":47,"minecraft:smooth_basalt":19,"alexscaves:moth_dust":2,"minecraft:sweet_berries":27,"minecraft:dandelion":1,"minecraft:gravel":13,"minecraft:dead_fire_coral_block":7,"minecraft:amethyst_shard":2,"minecraft:red_banner":8,"minecraft:spruce_sapling":1,"minecraft:white_bed":1,"minecraft:spider_eye":7,"travelersbackpack:standard":3,"minecraft:pumpkin_seeds":2,"minecraft:coal_ore":1,"minecraft:stone_axe":2,"minecraft:honey_block":5,"minecraft:dead_bubble_coral_block":7,"minecraft:cherry_sapling":3,"alexscaves:cave_map":2,"minecraft:acacia_slab":5,"minecraft:dark_oak_wood":13,"minecraft:coal":216,"minecraft:sunflower":36},"minecraft:crafted":{"minecraft:barrel":30,"minecraft:cherry_slab":6,"minecraft:stone":217,"minecraft:iron_boots":1,"minecraft:magenta_dye":2,"minecraft:wooden_shovel":1,"minecraft:crafting_table":2,"travelersbackpack:standard":1,"farmersdelight:iron_knife":1,"minecraft:jungle_boat":2,"minecraft:acacia_slab":6,"minecraft:baked_potato":12,"minecraft:wooden_pickaxe":1,"minecraft:iron_helmet":1,"minecraft:iron_chestplate":1,"minecraft:yellow_dye":3,"minecraft:stick":100,"minecraft:iron_ingot":52,"minecraft:iron_pickaxe":1,"minecraft:light_gray_dye":1,"minecraft:shears":1,"minecraft:cherry_planks":612,"minecraft:stone_shovel":3,"minecraft:furnace":1,"minecraft:bone_meal":3,"minecraft:stone_stairs":4,"minecraft:lantern":1,"minecraft:iron_axe":1,"minecraft:stone_pickaxe":3,"minecraft:jungle_fence":57,"minecraft:dark_oak_planks":4,"minecraft:bucket":1,"minecraft:stone_axe":2,"minecraft:jungle_slab":54,"minecraft:jungle_planks":264,"minecraft:blue_dye":17,"minecraft:wooden_axe":2,"minecraft:iron_leggings":1,"minecraft:acacia_planks":4,"minecraft:torch":128},"minecraft:broken":{"minecraft:iron_shovel":1,"minecraft:stone_pickaxe":1,"minecraft:stone_axe":2,"minecraft:stone_shovel":3,"minecraft:iron_axe":2,"minecraft:iron_pickaxe":1},"minecraft:dropped":{"minecraft:moss_block":1,"butchersdelight:dead_cow":1,"minecraft:baked_potato":9,"minecraft:golden_pickaxe":1,"minecraft:jungle_fence":27,"minecraft:rooted_dirt":319,"minecraft:jungle_planks":8,"minecraft:dirt":139,"minecraft:cornflower":4,"alexscaves:cave_map":1,"minecraft:sand":1,"minecraft:stone_axe":1,"minecraft:blackstone":2,"alexscaves:forsaken_idol":2,"minecraft:cobbled_deepslate":4,"minecraft:rotten_flesh":1,"minecraft:oak_planks":5,"minecraft:acacia_slab":1,"minecraft:basalt":1,"minecraft:arrow":3,"minecraft:wheat_seeds":16,"minecraft:cobblestone":7,"tacz:gun_smith_table":1,"minecraft:stick":4,"minecraft:oxeye_daisy":4,"minecraft:jungle_slab":3,"minecraft:blue_dye":15,"minecraft:wooden_axe":1,"minecraft:melon_slice":20,"minecraft:cherry_planks":5,"alexscaves:thornwood_planks":3,"minecraft:iron_axe":1,"minecraft:mud":1,"butchersdelight:deadpig":1,"butchersdelight:deadchiken":2,"minecraft:moss_carpet":2,"minecraft:raw_copper":19,"minecraft:tuff":2,"minecraft:clay_ball":8,"minecraft:cherry_slab":2,"minecraft:stone":22,"minecraft:bamboo":9,"minecraft:magenta_dye":2,"minecraft:stone_pickaxe":1,"minecraft:wooden_pickaxe":1},"minecraft:custom":{"minecraft:interact_with_crafting_table":34,"minecraft:open_barrel":16,"minecraft:bell_ring":1,"minecraft:leave_game":10,"minecraft:time_since_death":23478,"minecraft:sprint_one_cm":293735,"minecraft:drop":94,"minecraft:talked_to_villager":2,"minecraft:play_time":389195,"minecraft:deaths":4,"minecraft:jump":2437,"minecraft:walk_on_water_one_cm":55323,"minecraft:interact_with_furnace":27,"minecraft:sleep_in_bed":6,"minecraft:damage_dealt":2999,"minecraft:player_kills":1,"minecraft:crouch_one_cm":7652,"minecraft:horse_one_cm":1758,"minecraft:mob_kills":16,"minecraft:climb_one_cm":7593,"minecraft:walk_one_cm":1356004,"minecraft:sneak_time":3116,"minecraft:walk_under_water_one_cm":20652,"minecraft:boat_one_cm":140267,"minecraft:total_world_time":389195,"minecraft:time_since_rest":23509,"minecraft:damage_taken":2955,"minecraft:swim_one_cm":26711,"minecraft:fly_one_cm":193283,"minecraft:open_chest":62,"minecraft:fall_one_cm":61753},"minecraft:killed_by":{"minecraft:zombie":1},"minecraft:killed":{"minecraft:spider":1,"minecraft:skeleton":3,"alexscaves:underzealot":4,"minecraft:zombie":5,"alexscaves:vesper":1},"minecraft:mined":{"minecraft:white_bed":1,"minecraft:cherry_log":149,"alexsmobs:leafcutter_anthill":1,"minecraft:jungle_leaves":18,"minecraft:cave_vines_plant":2,"minecraft:granite":4,"minecraft:grass_block":57,"minecraft:dead_tube_coral_block":3,"minecraft:jungle_log":134,"alexscaves:coprolith":3,"tacz:gun_smith_table":2,"minecraft:oxeye_daisy":7,"minecraft:smooth_stone":1,"minecraft:tall_seagrass":1,"minecraft:dark_oak_trapdoor":3,"farmersdelight:wild_rice":3,"minecraft:iron_ore":73,"minecraft:barrel":29,"minecraft:moss_carpet":2,"minecraft:cave_vines":4,"minecraft:azalea_leaves":84,"farmersdelight:wild_potatoes":10,"minecraft:brown_mushroom":2,"minecraft:blackstone":2,"minecraft:dead_bubble_coral_block":9,"minecraft:clay":104,"minecraft:torch":23,"minecraft:dark_oak_wood":13,"minecraft:calcite":1,"minecraft:poppy":3,"minecraft:melon":4,"minecraft:chest":12,"supplementaries:wild_flax":14,"minecraft:cobblestone":4,"minecraft:honeycomb_block":1,"minecraft:wall_torch":14,"alexscaves:thornwood_planks":4,"minecraft:pink_petals":105,"minecraft:skeleton_skull":3,"minecraft:seagrass":2,"minecraft:stone_stairs":1,"minecraft:red_candle":1,"farmersdelight:sandy_shrub":1,"minecraft:mud":1,"minecraft:grass":164,"minecraft:sand":6,"minecraft:dirt":176,"minecraft:mangrove_log":14,"minecraft:oak_leaves":8,"minecraft:deepslate":17,"minecraft:red_carpet":4,"minecraft:tuff":2,"minecraft:mossy_cobblestone":1,"minecraft:dark_oak_leaves":38,"minecraft:candle":2,"farmersdelight:wild_carrots":4,"alexscaves:stripped_thornwood_log":2,"minecraft:glow_lichen":2,"minecraft:allium":2,"alexscaves:moth_ball":1,"minecraft:brown_mushroom_block":2,"farmersdelight:wild_cabbages":15,"minecraft:moss_block":9,"minecraft:rooted_dirt":388,"minecraft:large_fern":1,"minecraft:hay_block":8,"minecraft:furnace":2,"minecraft:packed_mud":8,"alexscaves:thornwood_stairs":2,"minecraft:peony":1,"minecraft:dead_horn_coral_block":7,"minecraft:deepslate_iron_ore":20,"travelersbackpack:yellow_sleeping_bag":2,"minecraft:vine":9,"minecraft:bamboo":4,"minecraft:stone":122,"minecraft:white_tulip":1,"minecraft:mud_brick_slab":2,"minecraft:flowering_azalea":5,"minecraft:cherry_planks":87,"minecraft:basalt":1,"minecraft:dandelion":1,"travelersbackpack:standard":2,"minecraft:crafting_table":12,"minecraft:cornflower":22,"minecraft:honey_block":1,"bakery:wild_strawberries":49,"minecraft:tall_grass":6,"minecraft:copper_ore":5,"minecraft:deepslate_coal_ore":2,"minecraft:lapis_ore":3,"minecraft:deepslate_gold_ore":50,"supplementaries:urn":9,"farmersdelight:wild_beetroots":25,"minecraft:dead_fire_coral_block":7,"minecraft:coarse_dirt":1,"butchersdelight:deadcowblock":1,"minecraft:sweet_berry_bush":12,"minecraft:jungle_fence":6,"minecraft:mangrove_leaves":4,"minecraft:white_wall_banner":1,"minecraft:red_wall_banner":4,"minecraft:dead_brain_coral_block":34,"minecraft:coal_ore":117,"minecraft:cherry_leaves":85,"minecraft:sunflower":12,"minecraft:small_dripleaf":1,"minecraft:fern":42},"minecraft:used":{"minecraft:beetroot":4,"minecraft:moss_block":6,"minecraft:iron_shovel":102,"minecraft:chest":10,"minecraft:stone":189,"minecraft:iron_sword":7,"minecraft:iron_chestplate":1,"minecraft:jungle_planks":15,"minecraft:carrot":2,"minecraft:lantern":1,"minecraft:iron_helmet":1,"minecraft:furnace":3,"minecraft:stone_pickaxe":333,"minecraft:jungle_fence":36,"minecraft:wooden_pickaxe":3,"spartanweaponry:iron_boomerang":2,"minecraft:jungle_boat":4,"minecraft:sand":1,"minecraft:shears":34,"minecraft:melon_slice":24,"minecraft:bread":29,"minecraft:bone_meal":3,"minecraft:golden_pickaxe":48,"minecraft:dead_tube_coral_block":1,"minecraft:stone_shovel":395,"alexscaves:amber_monolith":1,"tacz:gun_smith_table":1,"minecraft:wooden_shovel":41,"minecraft:torch":142,"minecraft:dirt":84,"brewery:beer_hops":1,"minecraft:stone_stairs":5,"minecraft:wooden_axe":65,"minecraft:iron_axe":561,"minecraft:rooted_dirt":58,"minecraft:jungle_log":23,"minecraft:iron_boots":1,"minecraft:barrel":56,"minecraft:cherry_log":3,"minecraft:iron_leggings":1,"minecraft:water_bucket":1,"minecraft:baked_potato":3,"minecraft:cherry_planks":570,"minecraft:crafting_table":12,"bakery:strawberry":1,"minecraft:white_bed":1,"minecraft:iron_pickaxe":246,"minecraft:spruce_sapling":1,"minecraft:stone_axe":236,"brewery:beer_mug":1,"minecraft:cobblestone":19,"travelersbackpack:standard":10,"minecraft:white_banner":2,"minecraft:red_banner":4,"minecraft:bucket":2,"minecraft:smooth_stone":1}},"DataVersion":3465}