{"stats":{"minecraft:picked_up":{"minecraft:wooden_axe":1,"minecraft:crafting_table":9,"minecraft:mud":1,"minecraft:mud_brick_slab":2,"minecraft:coarse_dirt":1,"minecraft:allium":2,"minecraft:clay_ball":8,"minecraft:brown_mushroom":2,"bakery:strawberry_seeds":2,"minecraft:dead_horn_coral_block":6,"minecraft:stone_stairs":1,"minecraft:cornflower":21,"minecraft:dead_tube_coral_block":3,"minecraft:dark_oak_trapdoor":3,"minecraft:raw_copper":19,"minecraft:iron_axe":1,"minecraft:red_candle":4,"minecraft:blackstone":2,"butchersdelight:dead_cow":1,"minecraft:beetroot":4,"minecraft:cobbled_deepslate":17,"minecraft:candle":7,"minecraft:smooth_stone":1,"farmersdelight:cabbage":2,"alexscaves:stripped_thornwood_log":2,"minecraft:white_tulip":1,"minecraft:calcite":1,"minecraft:azalea":4,"minecraft:poppy":3,"minecraft:light_gray_wool":6,"minecraft:melon_slice":41,"farmersdelight:cabbage_seeds":14,"minecraft:furnace":2,"minecraft:dark_oak_sapling":2,"minecraft:stick":4,"minecraft:raw_iron":40,"minecraft:torch":33,"minecraft:honeycomb_block":1,"minecraft:cherry_log":148,"minecraft:carrot":5,"minecraft:arrow":3,"minecraft:rotten_flesh":1,"alexscaves:dark_tatters":3,"minecraft:beetroot_seeds":25,"minecraft:peony":1,"minecraft:hay_block":8,"alexscaves:vesper_wing":1,"minecraft:glow_berries":1,"minecraft:skeleton_skull":3,"minecraft:white_wool":12,"minecraft:cobblestone":107,"minecraft:oxeye_daisy":4,"minecraft:pink_petals":238,"minecraft:jungle_boat":3,"minecraft:basalt":1,"farmersdelight:rice":3,"minecraft:cherry_planks":78,"minecraft:cherry_leaves":25,"minecraft:jungle_log":78,"minecraft:jungle_fence":6,"alexscaves:forsaken_idol":2,"minecraft:potato":9,"minecraft:packed_mud":8,"butchersdelight:deadpig":1,"minecraft:tuff":2,"supplementaries:flax_seeds":13,"alexscaves:thornwood_stairs":2,"minecraft:dirt":210,"minecraft:white_banner":1,"butchersdelight:deadchiken":2,"minecraft:red_carpet":4,"minecraft:bone":1,"minecraft:wheat_seeds":15,"alexscaves:guano":1,"alexscaves:thornwood_planks":3,"minecraft:raw_gold":50,"alexscaves:moth_ball":1,"minecraft:bamboo":29,"alexscaves:coprolith":2,"bakery:strawberry":44,"alexscaves:moth_dust":1,"minecraft:sweet_berries":27,"minecraft:dandelion":1,"minecraft:dead_fire_coral_block":7,"minecraft:sand":5,"minecraft:red_banner":4,"minecraft:spruce_sapling":1,"minecraft:white_bed":1,"minecraft:mossy_cobblestone":1,"travelersbackpack:standard":3,"minecraft:stone_axe":2,"minecraft:honey_block":1,"minecraft:dead_bubble_coral_block":7,"minecraft:dead_brain_coral_block":33,"minecraft:cherry_sapling":3,"minecraft:bread":30,"alexscaves:cave_map":1,"minecraft:rooted_dirt":377,"minecraft:dark_oak_wood":1,"minecraft:coal":166,"minecraft:sunflower":10},"minecraft:crafted":{"minecraft:cherry_planks":588,"minecraft:stone_shovel":3,"minecraft:barrel":17,"minecraft:cherry_slab":6,"minecraft:furnace":1,"minecraft:stone":217,"minecraft:bone_meal":3,"minecraft:stone_stairs":4,"minecraft:iron_boots":1,"minecraft:iron_axe":1,"minecraft:stone_pickaxe":2,"minecraft:jungle_fence":57,"minecraft:dark_oak_planks":4,"minecraft:magenta_dye":2,"minecraft:wooden_shovel":1,"minecraft:acacia_slab":6,"minecraft:crafting_table":2,"farmersdelight:iron_knife":1,"minecraft:jungle_boat":2,"minecraft:iron_helmet":1,"minecraft:baked_potato":12,"minecraft:wooden_pickaxe":1,"travelersbackpack:standard":1,"minecraft:bucket":1,"minecraft:stone_axe":1,"minecraft:jungle_slab":36,"minecraft:jungle_planks":208,"minecraft:blue_dye":17,"minecraft:iron_chestplate":1,"minecraft:yellow_dye":3,"minecraft:stick":100,"minecraft:iron_ingot":40,"minecraft:iron_pickaxe":1,"minecraft:wooden_axe":2,"minecraft:iron_leggings":1,"minecraft:light_gray_dye":1,"minecraft:acacia_planks":4,"minecraft:torch":64,"minecraft:shears":1},"minecraft:broken":{"minecraft:stone_pickaxe":1,"minecraft:iron_axe":1,"minecraft:stone_axe":2,"minecraft:iron_pickaxe":1,"minecraft:stone_shovel":3},"minecraft:dropped":{"butchersdelight:dead_cow":1,"minecraft:wheat_seeds":3,"minecraft:baked_potato":9,"minecraft:cobblestone":1,"minecraft:stick":4,"minecraft:oxeye_daisy":4,"minecraft:dirt":10,"minecraft:blue_dye":15,"minecraft:cornflower":4,"minecraft:wooden_axe":1,"minecraft:melon_slice":20,"minecraft:cherry_planks":4,"alexscaves:cave_map":1,"minecraft:mud":1,"butchersdelight:deadpig":1,"butchersdelight:deadchiken":2,"minecraft:stone_axe":1,"minecraft:blackstone":2,"alexscaves:forsaken_idol":2,"minecraft:cobbled_deepslate":4,"minecraft:tuff":2,"minecraft:rotten_flesh":1,"minecraft:basalt":1,"minecraft:magenta_dye":2,"minecraft:arrow":3,"minecraft:stone_pickaxe":1,"minecraft:wooden_pickaxe":1},"minecraft:custom":{"minecraft:mob_kills":14,"minecraft:interact_with_crafting_table":29,"minecraft:open_barrel":7,"minecraft:bell_ring":1,"minecraft:leave_game":8,"minecraft:time_since_death":171471,"minecraft:climb_one_cm":6738,"minecraft:sprint_one_cm":282172,"minecraft:walk_one_cm":1060428,"minecraft:drop":57,"minecraft:talked_to_villager":2,"minecraft:play_time":308014,"minecraft:sneak_time":2266,"minecraft:deaths":2,"minecraft:walk_under_water_one_cm":19087,"minecraft:boat_one_cm":140267,"minecraft:jump":2110,"minecraft:walk_on_water_one_cm":50226,"minecraft:total_world_time":308014,"minecraft:interact_with_furnace":26,"minecraft:sleep_in_bed":3,"minecraft:time_since_rest":25425,"minecraft:damage_taken":2225,"minecraft:damage_dealt":2384,"minecraft:swim_one_cm":26711,"minecraft:fly_one_cm":191163,"minecraft:open_chest":16,"minecraft:crouch_one_cm":5944,"minecraft:fall_one_cm":48038,"minecraft:horse_one_cm":1758},"minecraft:killed_by":{"minecraft:zombie":1},"minecraft:killed":{"minecraft:spider":1,"alexscaves:vesper":1,"minecraft:skeleton":3,"alexscaves:underzealot":4,"minecraft:zombie":3},"minecraft:mined":{"minecraft:tuff":2,"minecraft:red_carpet":4,"minecraft:white_bed":1,"minecraft:mossy_cobblestone":1,"minecraft:dark_oak_leaves":20,"minecraft:candle":2,"minecraft:cherry_log":149,"farmersdelight:wild_carrots":4,"alexsmobs:leafcutter_anthill":1,"minecraft:jungle_leaves":9,"alexscaves:stripped_thornwood_log":2,"minecraft:glow_lichen":2,"minecraft:granite":4,"minecraft:allium":2,"minecraft:grass_block":52,"minecraft:dead_tube_coral_block":3,"alexscaves:moth_ball":1,"minecraft:jungle_log":79,"minecraft:brown_mushroom_block":2,"farmersdelight:wild_cabbages":15,"alexscaves:coprolith":3,"minecraft:oxeye_daisy":7,"minecraft:rooted_dirt":378,"minecraft:tall_seagrass":1,"minecraft:hay_block":8,"minecraft:large_fern":1,"minecraft:smooth_stone":1,"minecraft:packed_mud":8,"minecraft:furnace":2,"alexscaves:thornwood_stairs":2,"minecraft:dark_oak_trapdoor":3,"farmersdelight:wild_rice":3,"minecraft:iron_ore":26,"minecraft:peony":1,"minecraft:dead_horn_coral_block":7,"travelersbackpack:yellow_sleeping_bag":2,"minecraft:deepslate_iron_ore":14,"minecraft:vine":6,"minecraft:bamboo":4,"minecraft:azalea_leaves":84,"minecraft:white_tulip":1,"minecraft:stone":107,"farmersdelight:wild_potatoes":10,"minecraft:mud_brick_slab":2,"minecraft:brown_mushroom":2,"minecraft:cherry_planks":75,"minecraft:blackstone":2,"minecraft:dead_bubble_coral_block":9,"minecraft:basalt":1,"minecraft:dandelion":1,"travelersbackpack:standard":2,"minecraft:clay":2,"minecraft:cornflower":22,"minecraft:crafting_table":10,"minecraft:torch":13,"minecraft:dark_oak_wood":1,"minecraft:honey_block":1,"bakery:wild_strawberries":46,"minecraft:calcite":1,"minecraft:poppy":3,"minecraft:melon":4,"supplementaries:wild_flax":14,"minecraft:copper_ore":5,"minecraft:tall_grass":4,"minecraft:honeycomb_block":1,"minecraft:deepslate_coal_ore":2,"minecraft:deepslate_gold_ore":50,"minecraft:wall_torch":7,"alexscaves:thornwood_planks":4,"minecraft:skeleton_skull":3,"minecraft:pink_petals":105,"farmersdelight:wild_beetroots":25,"minecraft:seagrass":2,"minecraft:stone_stairs":1,"minecraft:dead_fire_coral_block":7,"minecraft:red_candle":1,"farmersdelight:sandy_shrub":1,"minecraft:coarse_dirt":1,"butchersdelight:deadcowblock":1,"minecraft:mud":1,"minecraft:sweet_berry_bush":12,"minecraft:jungle_fence":6,"minecraft:red_wall_banner":4,"minecraft:grass":161,"minecraft:dead_brain_coral_block":34,"minecraft:coal_ore":85,"minecraft:dirt":165,"minecraft:cherry_leaves":85,"minecraft:sunflower":12,"minecraft:sand":6,"minecraft:oak_leaves":8,"minecraft:deepslate":17,"minecraft:fern":42},"minecraft:used":{"minecraft:dead_tube_coral_block":1,"minecraft:stone_shovel":395,"minecraft:stone":189,"minecraft:wooden_shovel":41,"brewery:beer_hops":1,"minecraft:iron_chestplate":1,"minecraft:torch":74,"minecraft:dirt":44,"minecraft:jungle_planks":15,"minecraft:carrot":2,"minecraft:stone_stairs":5,"minecraft:wooden_axe":65,"minecraft:iron_axe":389,"minecraft:rooted_dirt":58,"minecraft:jungle_log":19,"minecraft:iron_helmet":1,"minecraft:iron_boots":1,"minecraft:barrel":2,"minecraft:furnace":3,"minecraft:cherry_log":3,"minecraft:iron_leggings":1,"minecraft:water_bucket":1,"minecraft:jungle_fence":36,"minecraft:stone_pickaxe":237,"minecraft:baked_potato":3,"minecraft:wooden_pickaxe":3,"minecraft:cherry_planks":567,"minecraft:jungle_boat":4,"minecraft:sand":1,"minecraft:crafting_table":10,"bakery:strawberry":1,"minecraft:white_bed":1,"minecraft:shears":34,"minecraft:iron_pickaxe":246,"minecraft:bread":29,"minecraft:melon_slice":12,"minecraft:spruce_sapling":1,"minecraft:stone_axe":228,"brewery:beer_mug":1,"travelersbackpack:standard":10,"minecraft:white_banner":1,"minecraft:bucket":2,"minecraft:bone_meal":3,"minecraft:smooth_stone":1}},"DataVersion":3465}