{"stats":{"minecraft:custom":{"minecraft:interact_with_crafting_table":44,"minecraft:open_barrel":26,"minecraft:bell_ring":1,"minecraft:leave_game":14,"minecraft:time_since_death":50572,"minecraft:sprint_one_cm":341099,"minecraft:drop":118,"minecraft:talked_to_villager":2,"minecraft:use_bathtub":6,"minecraft:play_time":635557,"minecraft:deaths":7,"minecraft:jump":2740,"minecraft:walk_on_water_one_cm":58634,"minecraft:interact_with_furnace":29,"minecraft:interact_with_loom":2,"minecraft:stove_opened":1,"minecraft:sleep_in_bed":6,"minecraft:damage_dealt":3029,"minecraft:player_kills":2,"minecraft:crouch_one_cm":8475,"minecraft:interact_with_smoker":1,"minecraft:horse_one_cm":1758,"minecraft:mob_kills":22,"minecraft:climb_one_cm":8101,"minecraft:walk_one_cm":2077790,"minecraft:fridge_opened":1,"minecraft:chair_used":5,"minecraft:sneak_time":4063,"minecraft:walk_under_water_one_cm":21547,"minecraft:boat_one_cm":140267,"minecraft:drawer_searched":1,"minecraft:interact_with_blast_furnace":1,"minecraft:total_world_time":635557,"minecraft:toilet_used":1,"minecraft:time_since_rest":50617,"minecraft:cabinet_searched":4,"minecraft:damage_taken":3233,"minecraft:swim_one_cm":32181,"minecraft:fly_one_cm":505774,"minecraft:open_chest":72,"minecraft:fall_one_cm":63292},"minecraft:dropped":{"butchersdelight:dead_cow":1,"minecraft:moss_block":1,"minecraft:baked_potato":9,"minecraft:golden_pickaxe":1,"minecraft:crafting_table":1,"minecraft:jungle_fence":27,"minecraft:lantern":1,"minecraft:rooted_dirt":319,"minecraft:jungle_planks":8,"minecraft:dirt":139,"minecraft:cornflower":4,"alexscaves:cave_map":1,"minecraft:sand":1,"minecraft:iron_pickaxe":13,"chiselsandbits:block_bit":1,"pfm:glass_modern_pendant":1,"minecraft:stone_axe":1,"minecraft:blackstone":2,"alexscaves:forsaken_idol":2,"minecraft:cobbled_deepslate":4,"minecraft:rotten_flesh":1,"minecraft:oak_planks":5,"minecraft:acacia_slab":1,"alexscaves:pewen_door":1,"minecraft:basalt":1,"minecraft:arrow":3,"minecraft:wheat_seeds":16,"minecraft:cobblestone":7,"tacz:gun_smith_table":1,"vinery:window":1,"minecraft:stick":4,"minecraft:oxeye_daisy":4,"minecraft:jungle_slab":3,"minecraft:blue_dye":15,"minecraft:wooden_axe":1,"minecraft:melon_slice":20,"minecraft:cherry_planks":5,"alexscaves:thornwood_planks":3,"minecraft:iron_axe":1,"minecraft:mud":1,"butchersdelight:deadpig":1,"butchersdelight:deadchiken":2,"minecraft:furnace":1,"minecraft:moss_carpet":2,"handcrafted:pink_sheet":1,"minecraft:raw_copper":19,"minecraft:tuff":2,"minecraft:clay_ball":8,"minecraft:smoker":1,"minecraft:cherry_slab":2,"chiselsandbits:chisel_stone":1,"minecraft:blast_furnace":1,"minecraft:stone":22,"minecraft:bamboo":9,"minecraft:magenta_dye":2,"minecraft:wooden_pickaxe":1,"minecraft:stone_pickaxe":1},"minecraft:killed_by":{"minecraft:zombie":2},"minecraft:killed":{"minecraft:spider":2,"minecraft:skeleton":4,"alexscaves:underzealot":4,"minecraft:creeper":2,"minecraft:pillager":1,"minecraft:zombie":5,"alexscaves:vesper":1,"minecraft:enderman":1},"minecraft:mined":{"minecraft:white_bed":1,"minecraft:cherry_log":149,"alexsmobs:leafcutter_anthill":1,"minecraft:jungle_leaves":18,"minecraft:cave_vines_plant":2,"minecraft:granite":4,"minecraft:grass_block":57,"minecraft:dead_tube_coral_block":3,"minecraft:jungle_log":134,"alexscaves:coprolith":3,"tacz:gun_smith_table":2,"minecraft:oxeye_daisy":7,"minecraft:smooth_stone":1,"minecraft:tall_seagrass":1,"minecraft:dark_oak_trapdoor":3,"farmersdelight:wild_rice":3,"minecraft:iron_ore":73,"minecraft:barrel":31,"minecraft:moss_carpet":2,"minecraft:fletching_table":1,"minecraft:cave_vines":4,"pfm:cherry_pink_classic_bed":1,"minecraft:azalea_leaves":84,"handcrafted:cherry_fancy_bed":2,"farmersdelight:wild_potatoes":10,"minecraft:brown_mushroom":2,"minecraft:blackstone":2,"minecraft:dead_bubble_coral_block":9,"minecraft:smoker":1,"minecraft:clay":104,"minecraft:torch":26,"minecraft:dark_oak_wood":13,"minecraft:melon":4,"minecraft:calcite":1,"minecraft:poppy":3,"minecraft:chest":12,"supplementaries:wild_flax":14,"minecraft:honeycomb_block":1,"minecraft:cobblestone":4,"handcrafted:jungle_chair":3,"handcrafted:jungle_table":2,"minecraft:wall_torch":20,"alexscaves:thornwood_planks":4,"minecraft:pink_petals":105,"minecraft:skeleton_skull":3,"pfm:oak_chair":1,"minecraft:seagrass":2,"minecraft:stone_stairs":1,"minecraft:red_candle":1,"farmersdelight:sandy_shrub":1,"minecraft:mud":1,"minecraft:grass":164,"minecraft:oak_log":10,"minecraft:sand":6,"minecraft:dirt":176,"minecraft:mangrove_log":14,"minecraft:oak_leaves":10,"minecraft:deepslate":17,"alexscaves:spelunkery_table":1,"minecraft:tuff":2,"minecraft:red_carpet":4,"minecraft:mossy_cobblestone":1,"minecraft:dark_oak_leaves":38,"minecraft:candle":2,"farmersdelight:wild_carrots":4,"alexscaves:stripped_thornwood_log":2,"minecraft:glow_lichen":2,"minecraft:allium":2,"alexscaves:moth_ball":1,"handcrafted:jungle_bench":5,"minecraft:brown_mushroom_block":2,"farmersdelight:wild_cabbages":15,"minecraft:cartography_table":1,"minecraft:moss_block":9,"minecraft:rooted_dirt":388,"minecraft:large_fern":1,"minecraft:hay_block":8,"minecraft:packed_mud":8,"alexscaves:thornwood_stairs":2,"minecraft:furnace":3,"handcrafted:jungle_dining_bench":3,"pfm:cherry_chair_modern":1,"minecraft:peony":1,"pfm:dark_wood_chair_dinner":4,"minecraft:dead_horn_coral_block":7,"travelersbackpack:yellow_sleeping_bag":2,"minecraft:deepslate_iron_ore":20,"minecraft:vine":9,"minecraft:bamboo":4,"minecraft:stone":122,"minecraft:white_tulip":1,"minecraft:smithing_table":1,"minecraft:mud_brick_slab":2,"minecraft:flowering_azalea":5,"minecraft:cherry_planks":104,"minecraft:basalt":1,"minecraft:dandelion":1,"travelersbackpack:standard":2,"minecraft:crafting_table":13,"minecraft:cornflower":22,"minecraft:honey_block":1,"bakery:wild_strawberries":49,"minecraft:copper_ore":5,"minecraft:tall_grass":6,"minecraft:deepslate_coal_ore":2,"minecraft:lapis_ore":3,"minecraft:deepslate_gold_ore":50,"supplementaries:urn":9,"farmersdelight:wild_beetroots":25,"minecraft:dead_fire_coral_block":7,"minecraft:coarse_dirt":1,"butchersdelight:deadcowblock":1,"minecraft:sweet_berry_bush":12,"minecraft:jungle_fence":6,"minecraft:mangrove_leaves":4,"minecraft:white_wall_banner":1,"minecraft:red_wall_banner":5,"pfm:working_table":1,"minecraft:dead_brain_coral_block":34,"minecraft:coal_ore":117,"minecraft:cherry_leaves":85,"minecraft:sunflower":12,"minecraft:small_dripleaf":1,"minecraft:fern":42},"minecraft:picked_up":{"minecraft:wooden_axe":1,"pfm:oak_chair":1,"minecraft:yellow_wool":3,"brewery:dried_corn":5,"minecraft:smithing_table":1,"farmersdelight:rice_panicle":11,"alexscaves:cave_tablet":11,"bakery:strawberry_seeds":2,"minecraft:crimson_planks":1,"minecraft:amethyst_block":17,"farmersdelight:cutting_board":1,"minecraft:dead_tube_coral_block":3,"minecraft:music_disc_cat":1,"handcrafted:jungle_table":2,"minecraft:string":142,"minecraft:dark_oak_trapdoor":6,"minecraft:raw_copper":19,"minecraft:red_candle":6,"minecraft:zombie_head":6,"butchersdelight:cleaver":1,"minecraft:beetroot":8,"minecraft:smooth_stone":1,"minecraft:gold_nugget":11,"minecraft:cobbled_deepslate":32,"farmersdelight:cabbage":2,"alexscaves:stripped_thornwood_log":4,"minecraft:white_tulip":1,"minecraft:calcite":36,"minecraft:azalea":8,"minecraft:iron_pickaxe":13,"minecraft:melon_slice":70,"minecraft:mangrove_log":14,"farmersdelight:cabbage_seeds":36,"minecraft:furnace":3,"minecraft:stick":10,"brewery:pretzel":63,"farmersdelight:rotten_tomato":1,"minecraft:big_dripleaf":8,"minecraft:torch":75,"minecraft:honeycomb_block":1,"minecraft:cherry_log":148,"handcrafted:jungle_bench":4,"minecraft:rotten_flesh":13,"handcrafted:pink_sheet":3,"farmersdelight:onion":29,"supplementaries:antique_ink":2,"minecraft:blue_dye":1,"supplementaries:ash":24,"minecraft:obsidian":11,"minecraft:cobblestone":208,"minecraft:pink_petals":327,"spartanweaponry:handle":4,"farmersdelight:rice":6,"minecraft:cherry_planks":175,"minecraft:cherry_leaves":25,"minecraft:jungle_log":129,"minecraft:andesite":61,"minecraft:smoker":1,"minecraft:potato":9,"butchersdelight:deadpig":1,"minecraft:flint":3,"brewery:corn_seeds":29,"alexscaves:cave_book":1,"minecraft:tuff":2,"minecraft:light_gray_dye":1,"supplementaries:flax_seeds":33,"alexscaves:thornwood_stairs":4,"minecraft:cherry_door":2,"minecraft:lapis_lazuli":41,"farmersdelight:tomato":30,"minecraft:dirt":226,"minecraft:name_tag":1,"minecraft:glass":25,"minecraft:bone":25,"farmersdelight:iron_knife":1,"minecraft:bow":1,"alexscaves:guano":4,"minecraft:wheat_seeds":44,"minecraft:raw_gold":73,"alexscaves:moth_ball":2,"minecraft:fletching_table":1,"minecraft:bamboo":69,"tacz:gun_smith_table":2,"minecraft:moss_block":8,"minecraft:music_disc_13":1,"minecraft:poisonous_potato":2,"minecraft:sand":60,"minecraft:jungle_planks":1,"minecraft:grass_block":1,"alexsmobs:animal_dictionary":1,"minecraft:barrel":29,"minecraft:mossy_cobblestone":1,"minecraft:iron_hoe":1,"alexscaves:occult_gem":1,"minecraft:diamond":2,"minecraft:dead_brain_coral_block":33,"minecraft:emerald":6,"minecraft:golden_horse_armor":1,"minecraft:bread":30,"minecraft:rooted_dirt":391,"pfm:furniture_book":1,"butchersdelight:hook":1,"minecraft:crafting_table":12,"minecraft:mud":1,"minecraft:mud_brick_slab":2,"minecraft:coarse_dirt":1,"minecraft:allium":5,"minecraft:clay_ball":495,"minecraft:golden_pickaxe":4,"minecraft:brown_mushroom":4,"handcrafted:jungle_chair":3,"minecraft:dead_horn_coral_block":6,"alexscaves:dinosaur_nugget":12,"minecraft:cornflower":21,"minecraft:stone_stairs":1,"minecraft:moss_carpet":3,"minecraft:iron_axe":2,"tacz:ammo":45,"minecraft:iron_shovel":1,"minecraft:blackstone":2,"butchersdelight:dead_cow":1,"minecraft:cartography_table":2,"minecraft:candle":28,"alexscaves:burrowing_arrow":5,"minecraft:beef":1,"handcrafted:jungle_dining_bench":3,"minecraft:jungle_sapling":2,"minecraft:iron_nugget":31,"minecraft:poppy":6,"minecraft:light_gray_wool":6,"alexscaves:amber_monolith":1,"minecraft:chest":11,"farmersdelight:golden_knife":1,"minecraft:dark_oak_sapling":4,"minecraft:raw_iron":93,"minecraft:stone":3,"minecraft:copper_ingot":2,"pfm:cherry_chair_modern":1,"minecraft:music_disc_mellohi":1,"farmersdelight:tomato_seeds":12,"spartanweaponry:spider_head":3,"minecraft:carrot":5,"minecraft:redstone":4,"alexsmobs:leafcutter_ant_pupa":2,"minecraft:iron_horse_armor":1,"minecraft:arrow":3,"minecraft:peony":2,"alexscaves:dark_tatters":20,"minecraft:beetroot_seeds":50,"minecraft:golden_hoe":1,"minecraft:shears":2,"brewery:corn":1,"minecraft:hay_block":16,"alexscaves:spelunkery_table":1,"chiselsandbits:chisel_stone":1,"pfm:working_table":1,"pfm:cherry_pink_classic_bed":1,"minecraft:gold_ingot":14,"alexscaves:vesper_wing":3,"minecraft:glow_berries":24,"minecraft:white_wool":24,"minecraft:skeleton_skull":7,"minecraft:rail":2,"minecraft:oxeye_daisy":8,"minecraft:stripped_oak_log":1,"minecraft:jungle_boat":4,"minecraft:basalt":1,"minecraft:yellow_dye":3,"minecraft:jungle_fence":6,"handcrafted:cherry_fancy_bed":2,"spartanweaponry:iron_longsword":2,"alexscaves:forsaken_idol":2,"pfm:dark_wood_chair_dinner":4,"minecraft:filled_map":2,"minecraft:packed_mud":16,"alexscaves:limestone":73,"minecraft:oak_log":9,"minecraft:golden_boots":1,"minecraft:gunpowder":15,"brewery:brewfest_dress":1,"minecraft:white_banner":2,"butchersdelight:deadchiken":2,"minecraft:red_carpet":8,"minecraft:coast_armor_trim_smithing_template":2,"minecraft:apple":6,"alexscaves:thornwood_planks":3,"minecraft:stone_pickaxe":1,"minecraft:mangrove_planks":1,"alexscaves:coprolith":4,"minecraft:iron_sword":1,"minecraft:flowering_azalea":5,"minecraft:book":3,"bakery:strawberry":47,"minecraft:smooth_basalt":19,"alexscaves:moth_dust":2,"minecraft:sweet_berries":27,"alexscaves:pewen_door":1,"minecraft:dandelion":1,"minecraft:gravel":13,"minecraft:dead_fire_coral_block":7,"minecraft:amethyst_shard":2,"minecraft:spruce_sapling":1,"minecraft:red_banner":9,"minecraft:white_bed":1,"minecraft:spider_eye":8,"travelersbackpack:standard":3,"minecraft:pumpkin_seeds":2,"minecraft:coal_ore":1,"minecraft:stone_axe":2,"tacz:modern_kinetic_gun":1,"minecraft:honey_block":5,"minecraft:dead_bubble_coral_block":7,"minecraft:cherry_sapling":5,"alexscaves:cave_map":2,"minecraft:acacia_slab":5,"minecraft:dark_oak_wood":13,"minecraft:coal":244,"minecraft:sunflower":45,"minecraft:ender_pearl":1},"minecraft:crafted":{"minecraft:oak_planks":36,"minecraft:barrel":30,"minecraft:cherry_slab":6,"minecraft:stone":217,"supplementaries:goblet":1,"minecraft:iron_boots":1,"bakery:rolling_pin":1,"minecraft:magenta_dye":2,"minecraft:wooden_shovel":1,"minecraft:crafting_table":2,"farmersdelight:iron_knife":1,"minecraft:jungle_boat":2,"minecraft:acacia_slab":6,"travelersbackpack:standard":1,"minecraft:baked_potato":18,"minecraft:wooden_pickaxe":1,"minecraft:iron_helmet":1,"handcrafted:jungle_dining_bench":2,"minecraft:iron_chestplate":1,"minecraft:yellow_dye":3,"minecraft:stick":128,"minecraft:iron_ingot":70,"minecraft:iron_pickaxe":2,"minecraft:light_gray_dye":1,"minecraft:shears":1,"minecraft:cherry_planks":612,"minecraft:stone_shovel":3,"minecraft:furnace":1,"minecraft:bone_meal":3,"handcrafted:jungle_bench":4,"minecraft:stone_stairs":4,"minecraft:lantern":2,"bakery:small_cooking_pot":1,"minecraft:iron_axe":1,"minecraft:stone_pickaxe":3,"minecraft:jungle_fence":57,"minecraft:dark_oak_planks":12,"handcrafted:jungle_table":2,"handcrafted:jungle_chair":2,"minecraft:bucket":2,"minecraft:stone_axe":2,"minecraft:jungle_slab":72,"minecraft:jungle_planks":316,"minecraft:blue_dye":17,"minecraft:wooden_axe":2,"minecraft:iron_leggings":1,"minecraft:acacia_planks":4,"minecraft:torch":128},"minecraft:used":{"pfm:cherry_pink_classic_bed":5,"minecraft:beetroot":4,"minecraft:moss_block":6,"minecraft:iron_shovel":102,"pfm:jungle_table_classic":3,"minecraft:chest":10,"minecraft:stone":221,"minecraft:iron_sword":7,"pfm:deepslate_tile_kitchen_drawer":2,"handcrafted:jungle_dining_bench":5,"minecraft:iron_chestplate":1,"minecraft:brick_slab":6,"minecraft:jungle_planks":18,"minecraft:carrot":2,"pfm:iron_toaster":2,"pfm:white_simple_sofa":5,"minecraft:bricks":14,"minecraft:mangrove_stairs":753,"minecraft:lantern":39,"pfm:dark_wood_table_classic":10,"minecraft:iron_helmet":2,"minecraft:cherry_leaves":2,"alexscaves:pewen_door":1,"handcrafted:jungle_chair":3,"minecraft:furnace":3,"pfm:deepslate_tile_kitchen_sink":1,"handcrafted:jungle_bench":4,"minecraft:oak_planks":3,"minecraft:brick_wall":10,"minecraft:stone_pickaxe":333,"pfm:stripped_jungle_chair_modern":4,"minecraft:jungle_fence":36,"minecraft:mangrove_planks":426,"minecraft:wooden_pickaxe":3,"spartanweaponry:iron_boomerang":2,"minecraft:jungle_boat":4,"minecraft:sand":1,"pfm:dark_wood_modern_stool":3,"minecraft:sponge":5,"minecraft:shears":34,"pfm:deepslate_tile_kitchen_cabinet":11,"pfm:birch_kitchen_cabinet":12,"pfm:gray_fridge":3,"pfm:birch_kitchen_counter_oven":3,"minecraft:melon_slice":24,"minecraft:bread":29,"pfm:birch_kitchen_drawer":6,"minecraft:bone_meal":3,"minecraft:golden_pickaxe":48,"minecraft:dead_tube_coral_block":1,"minecraft:stone_shovel":395,"alexscaves:amber_monolith":1,"tacz:gun_smith_table":1,"minecraft:wooden_shovel":41,"minecraft:torch":146,"pfm:glass_modern_pendant":1,"minecraft:dirt":84,"brewery:beer_hops":1,"minecraft:stone_stairs":19,"minecraft:dark_oak_planks":2,"minecraft:wooden_axe":65,"minecraft:iron_axe":561,"minecraft:rooted_dirt":58,"minecraft:jungle_log":23,"minecraft:iron_boots":2,"minecraft:crimson_planks":1,"minecraft:barrel":56,"minecraft:dark_oak_pressure_plate":2,"minecraft:cherry_log":7,"pfm:deepslate_tile_kitchen_counter_oven":1,"minecraft:iron_leggings":2,"supplementaries:blackboard":5,"pfm:birch_kitchen_sink":2,"minecraft:water_bucket":1,"vinery:window":26,"minecraft:baked_potato":4,"minecraft:cherry_planks":1069,"handcrafted:cherry_fancy_bed":1,"pfm:deepslate_tile_kitchen_counter":12,"brewery:brewfest_dress":1,"minecraft:crafting_table":16,"bakery:small_cooking_pot":1,"bakery:strawberry":1,"minecraft:white_bed":1,"minecraft:cherry_door":1,"minecraft:iron_pickaxe":254,"pfm:oak_chair":1,"minecraft:spruce_sapling":1,"pfm:light_gray_arm_chair":10,"minecraft:stone_axe":284,"pfm:birch_kitchen_counter":19,"brewery:beer_mug":1,"handcrafted:jungle_table":4,"minecraft:cherry_stairs":8,"travelersbackpack:standard":10,"minecraft:cobblestone":19,"minecraft:white_banner":2,"pfm:dark_wood_chair_dinner":13,"minecraft:red_banner":5,"pfm:stripped_birch_kitchen_wall_small_drawer":1,"minecraft:bucket":2,"minecraft:smooth_stone":1},"minecraft:broken":{"minecraft:iron_shovel":1,"minecraft:stone_pickaxe":1,"minecraft:stone_axe":2,"minecraft:stone_shovel":3,"minecraft:iron_axe":2,"minecraft:iron_pickaxe":1}},"DataVersion":3465}