{"stats":{"minecraft:picked_up":{"minecraft:crafting_table":3,"minecraft:coarse_dirt":3,"minecraft:allium":16,"minecraft:yellow_wool":9,"minecraft:wooden_pickaxe":2,"minecraft:brown_mushroom":1,"farmersdelight:rice_panicle":1,"bakery:strawberry_seeds":7,"minecraft:cornflower":1,"minecraft:raw_copper":11,"butchersdelight:dead_cow":1,"brewery:hops":2,"minecraft:beetroot":3,"minecraft:candle":28,"farmersdelight:cabbage":2,"minecraft:azalea":1,"minecraft:melon_slice":29,"minecraft:sugar_cane":12,"minecraft:chest":1,"minecraft:birch_sapling":1,"farmersdelight:cabbage_seeds":7,"alexsmobs:leafcutter_ant_chamber":1,"minecraft:stick":2,"minecraft:raw_iron":16,"alexscaves:guanostone":31,"minecraft:torch":7,"supplementaries:flax":1,"minecraft:arrow":2,"minecraft:rotten_flesh":16,"minecraft:beetroot_seeds":15,"farmersdelight:onion":9,"minecraft:hay_block":29,"brewery:corn":3,"minecraft:mangrove_roots":1,"supplementaries:ash":1,"alexsmobs:flying_fish":1,"minecraft:white_wool":9,"minecraft:cobblestone":24,"minecraft:oxeye_daisy":4,"minecraft:pink_petals":8,"farmersdelight:rice":5,"minecraft:potato":9,"minecraft:packed_mud":3,"brewery:corn_seeds":8,"butchersdelight:deadpig":7,"minecraft:oak_log":10,"minecraft:lily_pad":23,"supplementaries:flax_seeds":7,"minecraft:yellow_bed":2,"minecraft:gunpowder":1,"farmersdelight:tomato":2,"minecraft:dirt":103,"brewery:hops_seeds":8,"minecraft:bone":1,"minecraft:wheat_seeds":11,"alexscaves:guano":4,"minecraft:bamboo":29,"minecraft:iron_sword":1,"alexscaves:coprolith":7,"bakery:strawberry":27,"minecraft:pumpkin":1,"butchersdelight:cow_hide":12,"minecraft:sand":46,"minecraft:red_banner":1,"alexsmobs:animal_dictionary":1,"minecraft:mossy_cobblestone":1,"travelersbackpack:standard":4,"minecraft:oak_wood":7,"minecraft:pumpkin_seeds":4,"minecraft:honey_block":4,"minecraft:cherry_sapling":2,"alexscaves:cave_map":1,"minecraft:rooted_dirt":9,"pfm:furniture_book":1,"minecraft:oak_sapling":1,"minecraft:netherrack":1,"minecraft:melon_seeds":5,"minecraft:coal":15,"minecraft:sunflower":26},"minecraft:crafted":{"minecraft:oak_planks":68,"minecraft:cobblestone_slab":6,"minecraft:stone_shovel":1,"travelersbackpack:yellow_sleeping_bag":3,"minecraft:furnace":1,"minecraft:bone_meal":24,"minecraft:pink_dye":1,"minecraft:glass":45,"minecraft:iron_hoe":1,"minecraft:stone_pickaxe":1,"minecraft:chest":5,"minecraft:stone_hoe":1,"minecraft:magenta_dye":1,"minecraft:wheat":261,"minecraft:crafting_table":3,"travelersbackpack:backpack_tank":6,"travelersbackpack:standard":5,"minecraft:wooden_pickaxe":2,"minecraft:iron_sword":1,"minecraft:blue_bed":1,"minecraft:bucket":1,"minecraft:pumpkin_seeds":4,"minecraft:stone_axe":1,"minecraft:bread":87,"minecraft:air":0,"minecraft:blue_dye":1,"minecraft:oak_boat":1,"minecraft:string":1,"minecraft:stick":36,"minecraft:iron_ingot":16,"minecraft:wooden_axe":2,"minecraft:torch":40},"minecraft:broken":{"minecraft:stone_hoe":1,"minecraft:stone_axe":1,"minecraft:wooden_axe":1},"minecraft:dropped":{"brewery:corn":1,"minecraft:iron_ingot":2,"minecraft:bread":60,"minecraft:iron_sword":1,"minecraft:brown_mushroom":1,"minecraft:wheat_seeds":4,"minecraft:golden_pickaxe":1,"minecraft:mossy_cobblestone":1,"minecraft:crafting_table":1,"minecraft:cobblestone":3,"minecraft:rooted_dirt":2,"travelersbackpack:standard":2,"minecraft:coal":1,"alexscaves:coprolith":7,"minecraft:music_disc_13":1,"minecraft:packed_mud":3,"minecraft:dirt":6,"minecraft:torch":16,"minecraft:wooden_axe":1,"alexsmobs:flying_fish":1,"alexscaves:cave_map":1,"alexscaves:guanostone":31,"butchersdelight:deadpig":4,"minecraft:pink_petals":1,"minecraft:music_disc_cat":1,"minecraft:gold_ingot":2,"minecraft:mangrove_roots":1,"alexsmobs:animal_dictionary":1,"minecraft:birch_sapling":1,"minecraft:raw_iron":5,"minecraft:cherry_sapling":2,"minecraft:beetroot":3,"minecraft:rotten_flesh":12,"minecraft:pumpkin_seeds":3,"minecraft:filled_map":1,"supplementaries:ash":1,"minecraft:cobblestone_slab":4,"farmersdelight:rice_panicle":1,"brewery:hops":1,"minecraft:gunpowder":1,"minecraft:beetroot_seeds":15,"minecraft:melon_seeds":5,"minecraft:oak_sapling":1,"farmersdelight:rope":36,"minecraft:bamboo":12,"pfm:furniture_book":1,"minecraft:wooden_pickaxe":4,"farmersdelight:tomato":1},"minecraft:custom":{"minecraft:mob_kills":31,"minecraft:animals_bred":1,"minecraft:interact_with_crafting_table":52,"minecraft:open_barrel":36,"minecraft:leave_game":6,"minecraft:time_since_death":40916,"minecraft:climb_one_cm":1097,"minecraft:sprint_one_cm":346090,"minecraft:walk_one_cm":698663,"minecraft:drop":86,"minecraft:play_time":252269,"minecraft:sneak_time":722,"minecraft:deaths":7,"minecraft:walk_under_water_one_cm":50928,"minecraft:boat_one_cm":293167,"minecraft:jump":3189,"minecraft:walk_on_water_one_cm":71352,"minecraft:total_world_time":252269,"minecraft:interact_with_furnace":43,"minecraft:interact_with_grindstone":4,"minecraft:sleep_in_bed":7,"minecraft:time_since_rest":34003,"minecraft:damage_taken":4335,"minecraft:damage_dealt":4794,"minecraft:swim_one_cm":159959,"minecraft:fly_one_cm":603958,"minecraft:open_chest":88,"minecraft:crouch_one_cm":1232,"minecraft:fall_one_cm":96863,"minecraft:horse_one_cm":3212},"minecraft:killed_by":{"minecraft:skeleton":1,"minecraft:zombie":2},"minecraft:killed":{"minecraft:spider":1,"minecraft:skeleton":1,"alexsmobs:leafcutter_ant":7,"minecraft:creeper":2,"minecraft:zombie":18},"minecraft:mined":{"alexscaves:guanostone":12,"farmersdelight:onions":1,"minecraft:attached_melon_stem":1,"minecraft:mossy_cobblestone":1,"minecraft:candle":13,"minecraft:mangrove_roots":1,"minecraft:grass_block":79,"minecraft:oxeye_daisy":4,"minecraft:rooted_dirt":3,"minecraft:tall_seagrass":1,"minecraft:hay_block":29,"farmersdelight:wild_onions":8,"minecraft:packed_mud":2,"minecraft:iron_ore":12,"supplementaries:flax":1,"minecraft:fire":1,"minecraft:pumpkin":1,"minecraft:potatoes":2,"minecraft:cave_vines":1,"minecraft:deepslate_iron_ore":5,"minecraft:vine":1,"farmersdelight:rice_panicles":1,"minecraft:bamboo":1,"minecraft:stone":15,"minecraft:white_wool":9,"farmersdelight:wild_potatoes":8,"minecraft:melon_stem":1,"travelersbackpack:standard":4,"minecraft:cornflower":1,"minecraft:crafting_table":3,"minecraft:torch":2,"minecraft:honey_block":4,"bakery:wild_strawberries":29,"minecraft:oak_wood":8,"minecraft:melon":6,"brewery:corn_crop":3,"minecraft:chest":1,"supplementaries:wild_flax":1,"farmersdelight:cabbages":2,"minecraft:copper_ore":4,"minecraft:tall_grass":2,"minecraft:cobblestone":4,"brewery:hops_crop":6,"minecraft:lily_pad":10,"minecraft:sugar_cane":5,"minecraft:wall_torch":2,"minecraft:pink_petals":2,"farmersdelight:wild_beetroots":15,"minecraft:coarse_dirt":2,"farmersdelight:sandy_shrub":3,"minecraft:yellow_wool":9,"minecraft:birch_leaves":7,"minecraft:pumpkin_stem":1,"minecraft:mangrove_leaves":4,"minecraft:yellow_bed":2,"minecraft:red_wall_banner":1,"minecraft:grass":81,"minecraft:oak_log":6,"minecraft:coal_ore":14,"minecraft:sunflower":17,"minecraft:dirt":5,"minecraft:sand":46,"minecraft:netherrack":1,"minecraft:oak_leaves":20,"minecraft:fern":11},"minecraft:used":{"minecraft:stone_shovel":120,"farmersdelight:cabbage_seeds":12,"minecraft:chest":3,"minecraft:iron_sword":36,"minecraft:stone_hoe":145,"minecraft:rotten_flesh":6,"minecraft:netherrack":1,"minecraft:torch":31,"minecraft:dirt":96,"minecraft:allium":15,"minecraft:wooden_axe":36,"minecraft:iron_hoe":26,"minecraft:rooted_dirt":7,"minecraft:iron_boots":1,"bakery:strawberry_seeds":5,"minecraft:furnace":1,"brewery:hops":1,"farmersdelight:tomato_seeds":5,"minecraft:potato":13,"minecraft:wheat_seeds":8,"minecraft:water_bucket":48,"minecraft:oak_planks":1,"minecraft:stone_pickaxe":88,"minecraft:wooden_pickaxe":5,"minecraft:blue_bed":1,"minecraft:cobblestone_slab":2,"brewery:corn_seeds":11,"farmersdelight:onion":7,"minecraft:sand":1,"minecraft:crafting_table":5,"brewery:corn":2,"bakery:strawberry":19,"farmersdelight:rice":5,"minecraft:pumpkin_seeds":7,"alexscaves:guano":4,"minecraft:apple":11,"minecraft:bread":32,"brewery:hops_seeds":8,"supplementaries:flax_seeds":6,"minecraft:stone_axe":101,"minecraft:pink_petals":6,"minecraft:cobblestone":1,"travelersbackpack:standard":21,"minecraft:red_banner":1,"minecraft:bucket":48,"alexsmobs:leafcutter_ant_chamber":1,"minecraft:yellow_bed":1,"minecraft:oak_boat":1,"alexsmobs:animal_dictionary":1,"minecraft:coarse_dirt":3,"minecraft:golden_pickaxe":2,"minecraft:candle":14,"minecraft:bone_meal":24}},"DataVersion":3465}