{"stats":{"minecraft:picked_up":{"minecraft:wheat":9,"minecraft:yellow_wool":9,"minecraft:smithing_table":1,"farmersdelight:rice_panicle":1,"bakery:strawberry_seeds":12,"minecraft:brewing_stand":1,"minecraft:string":31,"minecraft:raw_copper":11,"brewery:hops":8,"minecraft:beetroot":3,"minecraft:cobbled_deepslate":2,"farmersdelight:cabbage":7,"minecraft:azalea":1,"minecraft:melon_slice":29,"farmersdelight:cabbage_seeds":19,"alexsmobs:leafcutter_ant_chamber":1,"minecraft:stick":3,"farmersdelight:rotten_tomato":3,"minecraft:oak_fence":1,"minecraft:torch":14,"minecraft:acacia_log":1,"minecraft:cherry_log":22,"supplementaries:flax":8,"minecraft:rotten_flesh":16,"farmersdelight:onion":27,"minecraft:mangrove_roots":1,"supplementaries:ash":1,"alexsmobs:flying_fish":1,"minecraft:cobblestone":30,"minecraft:pink_petals":131,"spartanweaponry:handle":4,"farmersdelight:rice":5,"minecraft:cherry_planks":17,"minecraft:smoker":1,"minecraft:potato":50,"butchersdelight:deadpig":7,"brewery:corn_seeds":44,"supplementaries:flax_seeds":25,"minecraft:dirt":359,"farmersdelight:tomato":15,"brewery:hops_seeds":8,"minecraft:bone":1,"minecraft:acacia_planks":2,"alexscaves:guano":4,"minecraft:wheat_seeds":53,"minecraft:fletching_table":1,"minecraft:bamboo":29,"minecraft:moss_block":1,"minecraft:honeycomb":3,"minecraft:poisonous_potato":1,"butchersdelight:cow_hide":12,"minecraft:sand":140,"alexsmobs:animal_dictionary":1,"minecraft:mossy_cobblestone":1,"minecraft:diamond":1,"minecraft:rooted_dirt":92,"pfm:furniture_book":1,"minecraft:oak_sapling":1,"minecraft:netherrack":1,"minecraft:coarse_dirt":4,"minecraft:crafting_table":3,"minecraft:allium":17,"minecraft:clay_ball":13,"spartanweaponry:cave_spider_head":1,"minecraft:brown_mushroom":1,"minecraft:wooden_pickaxe":2,"minecraft:cornflower":1,"minecraft:moss_carpet":1,"butchersdelight:dead_cow":1,"minecraft:cartography_table":2,"minecraft:candle":28,"minecraft:birch_sapling":1,"minecraft:sugar_cane":34,"minecraft:chest":1,"minecraft:raw_iron":41,"alexscaves:guanostone":31,"spartanweaponry:iron_halberd":1,"minecraft:arrow":3,"minecraft:beetroot_seeds":15,"minecraft:hay_block":29,"brewery:corn":15,"minecraft:white_wool":9,"minecraft:rail":2,"minecraft:oxeye_daisy":4,"minecraft:acacia_wood":6,"minecraft:packed_mud":3,"minecraft:oak_log":10,"minecraft:lily_pad":72,"minecraft:yellow_bed":2,"minecraft:gunpowder":1,"minecraft:iron_ingot":7,"alexscaves:coprolith":7,"minecraft:iron_sword":1,"bakery:strawberry":33,"minecraft:pumpkin":2,"minecraft:red_banner":3,"minecraft:spider_eye":3,"minecraft:oak_wood":7,"travelersbackpack:standard":5,"minecraft:pumpkin_seeds":4,"minecraft:honey_block":4,"minecraft:cherry_sapling":4,"alexscaves:cave_map":1,"minecraft:melon_seeds":5,"handcrafted:cherry_corner_trim":12,"minecraft:coal":15,"minecraft:sunflower":26},"minecraft:crafted":{"minecraft:oak_planks":68,"minecraft:cobblestone_slab":6,"minecraft:pink_bed":1,"travelersbackpack:yellow_sleeping_bag":3,"minecraft:glass":87,"minecraft:chest":5,"minecraft:stone_hoe":1,"minecraft:magenta_dye":1,"minecraft:crafting_table":3,"minecraft:wooden_pickaxe":2,"travelersbackpack:standard":5,"minecraft:pumpkin_seeds":4,"minecraft:campfire":1,"minecraft:string":6,"minecraft:stick":48,"minecraft:iron_ingot":51,"minecraft:iron_pickaxe":1,"minecraft:shears":1,"handcrafted:cherry_corner_trim":4,"minecraft:stone_shovel":1,"minecraft:beehive":1,"minecraft:furnace":1,"minecraft:bone_meal":24,"minecraft:pink_dye":2,"minecraft:iron_axe":1,"minecraft:iron_hoe":1,"minecraft:cherry_stairs":8,"minecraft:stone_pickaxe":1,"minecraft:wheat":261,"spartanweaponry:iron_halberd":1,"spartanweaponry:pole":1,"travelersbackpack:backpack_tank":6,"minecraft:iron_sword":1,"spartanweaponry:handle":4,"minecraft:blue_bed":1,"minecraft:bucket":1,"minecraft:stone_axe":1,"minecraft:bread":87,"minecraft:air":0,"minecraft:blue_dye":1,"minecraft:oak_boat":1,"minecraft:wooden_axe":3,"minecraft:iron_shovel":2,"minecraft:cherry_door":3,"minecraft:white_bed":1,"minecraft:acacia_planks":24,"minecraft:torch":40},"minecraft:broken":{"minecraft:iron_shovel":1,"minecraft:stone_axe":1,"minecraft:wooden_axe":2,"minecraft:stone_shovel":1,"minecraft:stone_hoe":1},"minecraft:dropped":{"minecraft:iron_sword":1,"minecraft:brown_mushroom":1,"minecraft:golden_pickaxe":1,"minecraft:diamond":1,"minecraft:crafting_table":1,"minecraft:rooted_dirt":72,"travelersbackpack:standard":2,"minecraft:music_disc_13":1,"minecraft:dirt":7,"minecraft:packed_mud":3,"alexsmobs:flying_fish":1,"alexscaves:cave_map":1,"minecraft:gold_ingot":2,"minecraft:mangrove_roots":1,"alexsmobs:animal_dictionary":1,"minecraft:birch_sapling":1,"minecraft:cherry_sapling":2,"minecraft:beetroot":3,"minecraft:rotten_flesh":12,"supplementaries:flax_seeds":9,"supplementaries:ash":1,"farmersdelight:rice_panicle":1,"brewery:hops":4,"minecraft:gunpowder":1,"minecraft:beetroot_seeds":15,"minecraft:melon_seeds":5,"farmersdelight:rope":36,"brewery:corn":1,"minecraft:iron_ingot":2,"minecraft:bread":60,"spartanweaponry:handle":4,"minecraft:wheat_seeds":10,"minecraft:mossy_cobblestone":1,"minecraft:cobblestone":3,"brewery:corn_seeds":1,"alexscaves:coprolith":7,"minecraft:coal":1,"minecraft:torch":16,"minecraft:wooden_axe":1,"handcrafted:cherry_corner_trim":4,"alexscaves:guanostone":31,"butchersdelight:deadpig":4,"minecraft:pink_petals":2,"minecraft:bucket":1,"minecraft:music_disc_cat":1,"farmersdelight:rotten_tomato":2,"minecraft:coarse_dirt":1,"spartanweaponry:iron_halberd":1,"minecraft:raw_iron":5,"minecraft:pumpkin_seeds":3,"minecraft:filled_map":1,"minecraft:cobblestone_slab":4,"minecraft:oak_sapling":1,"minecraft:bamboo":12,"pfm:furniture_book":1,"minecraft:wooden_pickaxe":4,"farmersdelight:tomato":1},"minecraft:custom":{"minecraft:animals_bred":3,"minecraft:interact_with_crafting_table":85,"minecraft:open_barrel":55,"minecraft:bell_ring":5,"minecraft:leave_game":6,"minecraft:time_since_death":14210,"minecraft:sprint_one_cm":512644,"minecraft:drop":120,"minecraft:talked_to_villager":14,"minecraft:play_time":366269,"minecraft:deaths":11,"minecraft:jump":4189,"minecraft:walk_on_water_one_cm":106206,"minecraft:interact_with_furnace":63,"minecraft:interact_with_cartography_table":1,"minecraft:interact_with_loom":2,"minecraft:sleep_in_bed":14,"minecraft:damage_dealt":6843,"minecraft:crouch_one_cm":1472,"minecraft:interact_with_smoker":1,"minecraft:horse_one_cm":3212,"minecraft:mob_kills":40,"minecraft:climb_one_cm":2149,"minecraft:walk_one_cm":1170765,"minecraft:sneak_time":937,"minecraft:walk_under_water_one_cm":61819,"minecraft:boat_one_cm":293167,"minecraft:total_world_time":366269,"minecraft:interact_with_grindstone":4,"minecraft:time_since_rest":5199,"minecraft:damage_taken":5820,"minecraft:swim_one_cm":172261,"minecraft:fly_one_cm":785108,"minecraft:open_chest":233,"minecraft:fall_one_cm":113553},"minecraft:killed_by":{"alexsmobs:crocodile":2,"minecraft:zombie":3,"minecraft:skeleton":1},"minecraft:killed":{"minecraft:cave_spider":5,"minecraft:spider":2,"minecraft:skeleton":2,"alexsmobs:leafcutter_ant":7,"minecraft:creeper":2,"minecraft:zombie":20},"minecraft:mined":{"alexscaves:guanostone":12,"minecraft:large_amethyst_bud":1,"minecraft:attached_melon_stem":1,"minecraft:cherry_log":23,"minecraft:brewing_stand":1,"minecraft:acacia_log":1,"minecraft:grass_block":316,"minecraft:oxeye_daisy":4,"minecraft:tall_seagrass":1,"minecraft:iron_ore":29,"minecraft:fire":1,"minecraft:pumpkin":2,"minecraft:fletching_table":1,"minecraft:cave_vines":1,"minecraft:dirt_path":14,"farmersdelight:rice_panicles":2,"spartanweaponry:cave_spider_head":1,"farmersdelight:wild_potatoes":8,"minecraft:smoker":1,"minecraft:melon_stem":1,"minecraft:clay":4,"minecraft:torch":3,"minecraft:melon":6,"minecraft:chest":1,"supplementaries:wild_flax":2,"farmersdelight:cabbages":7,"minecraft:cobblestone":4,"brewery:hops_crop":6,"minecraft:sugar_cane":16,"minecraft:wall_torch":5,"minecraft:pink_petals":31,"farmersdelight:sandy_shrub":3,"minecraft:yellow_wool":9,"minecraft:wheat":9,"minecraft:pumpkin_stem":1,"minecraft:grass":118,"minecraft:oak_log":6,"minecraft:sand":141,"minecraft:dirt":13,"minecraft:netherrack":1,"minecraft:oak_leaves":20,"minecraft:deepslate":2,"alexscaves:spelunkery_table":1,"handcrafted:cherry_corner_trim":12,"farmersdelight:onions":6,"minecraft:mossy_cobblestone":1,"minecraft:candle":13,"minecraft:mangrove_roots":1,"minecraft:allium":1,"minecraft:cartography_table":2,"minecraft:moss_block":1,"minecraft:rooted_dirt":90,"minecraft:hay_block":29,"farmersdelight:wild_onions":8,"minecraft:packed_mud":2,"supplementaries:flax":10,"minecraft:acacia_wood":6,"bakery:strawberry_crop":5,"minecraft:potatoes":12,"minecraft:deepslate_iron_ore":13,"minecraft:vine":3,"minecraft:bamboo":1,"minecraft:stone":21,"minecraft:white_wool":9,"minecraft:smithing_table":1,"minecraft:podzol":3,"minecraft:glass_pane":1,"minecraft:cherry_planks":19,"travelersbackpack:standard":5,"minecraft:crafting_table":3,"minecraft:cornflower":1,"minecraft:honey_block":4,"minecraft:oak_wood":8,"bakery:wild_strawberries":29,"brewery:corn_crop":15,"minecraft:tall_grass":2,"minecraft:copper_ore":4,"minecraft:lily_pad":59,"farmersdelight:wild_beetroots":15,"minecraft:coarse_dirt":3,"minecraft:birch_leaves":7,"minecraft:red_wall_banner":3,"minecraft:mangrove_leaves":4,"minecraft:yellow_bed":2,"minecraft:coal_ore":14,"minecraft:cherry_leaves":15,"minecraft:sunflower":17,"minecraft:cobweb":15,"minecraft:acacia_planks":2,"minecraft:fern":21},"minecraft:used":{"minecraft:cherry_sapling":2,"minecraft:iron_shovel":426,"farmersdelight:cabbage_seeds":17,"minecraft:chest":3,"minecraft:iron_sword":37,"minecraft:rotten_flesh":6,"spartanweaponry:cave_spider_head":1,"minecraft:allium":15,"minecraft:beehive":1,"minecraft:glass":17,"minecraft:furnace":1,"brewery:hops":1,"minecraft:potato":23,"minecraft:stone_pickaxe":112,"minecraft:oak_planks":1,"minecraft:wooden_pickaxe":5,"minecraft:blue_bed":1,"minecraft:sugar_cane":12,"brewery:corn_seeds":30,"minecraft:sand":1,"farmersdelight:rice":5,"minecraft:shears":1,"minecraft:pumpkin_seeds":7,"minecraft:bread":47,"brewery:hops_seeds":8,"supplementaries:flax_seeds":15,"handcrafted:cherry_corner_trim":12,"minecraft:smithing_table":1,"minecraft:oak_boat":1,"alexsmobs:leafcutter_ant_chamber":1,"minecraft:coarse_dirt":3,"minecraft:bone_meal":24,"minecraft:golden_pickaxe":2,"minecraft:oak_fence":1,"minecraft:stone_shovel":148,"spartanweaponry:iron_halberd":49,"minecraft:stone_hoe":145,"minecraft:netherrack":1,"minecraft:torch":64,"minecraft:brewing_stand":1,"minecraft:dirt":316,"minecraft:iron_hoe":28,"minecraft:wooden_axe":95,"minecraft:iron_axe":13,"minecraft:rooted_dirt":20,"minecraft:iron_boots":1,"bakery:strawberry_seeds":10,"minecraft:acacia_planks":9,"farmersdelight:tomato_seeds":5,"minecraft:cherry_log":11,"minecraft:wheat_seeds":21,"minecraft:water_bucket":63,"minecraft:cartography_table":1,"minecraft:fletching_table":1,"minecraft:cobblestone_slab":2,"farmersdelight:onion":12,"minecraft:crafting_table":5,"brewery:corn":2,"bakery:strawberry":19,"minecraft:campfire":1,"minecraft:smoker":1,"alexscaves:guano":4,"minecraft:apple":11,"minecraft:cherry_door":1,"minecraft:iron_pickaxe":13,"minecraft:stone_axe":101,"minecraft:pink_petals":136,"minecraft:pink_bed":1,"minecraft:cobblestone":1,"minecraft:cherry_stairs":8,"travelersbackpack:standard":22,"minecraft:red_banner":3,"minecraft:bucket":63,"minecraft:yellow_bed":1,"alexsmobs:animal_dictionary":1,"minecraft:candle":14}},"DataVersion":3465}