{"stats":{"minecraft:picked_up":{"minecraft:crafting_table":3,"minecraft:coarse_dirt":3,"minecraft:allium":16,"minecraft:yellow_wool":9,"minecraft:brown_mushroom":1,"minecraft:wooden_pickaxe":2,"bakery:strawberry_seeds":5,"minecraft:cornflower":1,"minecraft:raw_copper":11,"butchersdelight:dead_cow":1,"minecraft:beetroot":3,"minecraft:candle":28,"minecraft:azalea":1,"minecraft:birch_sapling":1,"minecraft:sugar_cane":12,"minecraft:melon_slice":29,"minecraft:chest":1,"minecraft:raw_iron":16,"alexscaves:guanostone":31,"minecraft:torch":6,"minecraft:arrow":2,"minecraft:rotten_flesh":14,"minecraft:beetroot_seeds":15,"farmersdelight:onion":8,"minecraft:hay_block":29,"minecraft:mangrove_roots":1,"supplementaries:ash":1,"minecraft:cobblestone":24,"alexsmobs:flying_fish":1,"minecraft:white_wool":9,"minecraft:oxeye_daisy":4,"minecraft:pink_petals":4,"minecraft:potato":7,"minecraft:packed_mud":3,"butchersdelight:deadpig":7,"minecraft:oak_log":10,"minecraft:lily_pad":21,"supplementaries:flax_seeds":1,"minecraft:yellow_bed":2,"minecraft:gunpowder":1,"minecraft:dirt":94,"minecraft:bone":1,"minecraft:wheat_seeds":11,"alexscaves:guano":4,"minecraft:bamboo":29,"alexscaves:coprolith":7,"bakery:strawberry":25,"butchersdelight:cow_hide":12,"minecraft:sand":46,"minecraft:red_banner":1,"alexsmobs:animal_dictionary":1,"travelersbackpack:standard":4,"minecraft:oak_wood":7,"minecraft:pumpkin_seeds":3,"minecraft:honey_block":4,"minecraft:rooted_dirt":9,"pfm:furniture_book":1,"minecraft:oak_sapling":1,"minecraft:netherrack":1,"minecraft:melon_seeds":5,"minecraft:coal":15,"minecraft:sunflower":26},"minecraft:crafted":{"minecraft:oak_planks":68,"minecraft:cobblestone_slab":6,"minecraft:stone_shovel":1,"travelersbackpack:yellow_sleeping_bag":3,"minecraft:furnace":1,"minecraft:pink_dye":1,"minecraft:glass":45,"minecraft:iron_hoe":1,"minecraft:stone_pickaxe":1,"minecraft:chest":5,"minecraft:stone_hoe":1,"minecraft:magenta_dye":1,"minecraft:wheat":261,"minecraft:crafting_table":3,"travelersbackpack:backpack_tank":6,"travelersbackpack:standard":5,"minecraft:wooden_pickaxe":2,"minecraft:iron_sword":1,"minecraft:blue_bed":1,"minecraft:bucket":1,"minecraft:stone_axe":1,"minecraft:bread":87,"minecraft:air":0,"minecraft:blue_dye":1,"minecraft:oak_boat":1,"minecraft:stick":36,"minecraft:iron_ingot":16,"minecraft:wooden_axe":2,"minecraft:torch":40},"minecraft:broken":{"minecraft:stone_hoe":1,"minecraft:stone_axe":1,"minecraft:wooden_axe":1},"minecraft:dropped":{"minecraft:iron_ingot":2,"minecraft:bread":60,"minecraft:iron_sword":1,"minecraft:wheat_seeds":4,"minecraft:golden_pickaxe":1,"minecraft:crafting_table":1,"minecraft:cobblestone":3,"minecraft:rooted_dirt":2,"travelersbackpack:standard":2,"minecraft:coal":1,"alexscaves:coprolith":7,"minecraft:music_disc_13":1,"minecraft:packed_mud":3,"minecraft:dirt":6,"minecraft:torch":16,"minecraft:wooden_axe":1,"alexsmobs:flying_fish":1,"alexscaves:guanostone":31,"butchersdelight:deadpig":4,"minecraft:music_disc_cat":1,"minecraft:gold_ingot":2,"minecraft:mangrove_roots":1,"alexsmobs:animal_dictionary":1,"minecraft:birch_sapling":1,"minecraft:raw_iron":5,"minecraft:beetroot":3,"minecraft:rotten_flesh":9,"minecraft:pumpkin_seeds":3,"minecraft:filled_map":1,"minecraft:cobblestone_slab":4,"minecraft:gunpowder":1,"minecraft:beetroot_seeds":15,"minecraft:melon_seeds":5,"minecraft:oak_sapling":1,"farmersdelight:rope":36,"minecraft:bamboo":12,"pfm:furniture_book":1,"minecraft:wooden_pickaxe":4},"minecraft:custom":{"minecraft:mob_kills":23,"minecraft:animals_bred":1,"minecraft:interact_with_crafting_table":50,"minecraft:open_barrel":20,"minecraft:leave_game":5,"minecraft:time_since_death":17898,"minecraft:climb_one_cm":1049,"minecraft:sprint_one_cm":316551,"minecraft:walk_one_cm":595596,"minecraft:drop":74,"minecraft:play_time":229251,"minecraft:sneak_time":714,"minecraft:deaths":7,"minecraft:walk_under_water_one_cm":47535,"minecraft:boat_one_cm":293167,"minecraft:jump":3068,"minecraft:walk_on_water_one_cm":69072,"minecraft:total_world_time":229251,"minecraft:interact_with_furnace":42,"minecraft:interact_with_grindstone":4,"minecraft:sleep_in_bed":7,"minecraft:time_since_rest":10985,"minecraft:damage_taken":4159,"minecraft:damage_dealt":4109,"minecraft:swim_one_cm":155900,"minecraft:fly_one_cm":581030,"minecraft:open_chest":55,"minecraft:crouch_one_cm":1161,"minecraft:fall_one_cm":95203,"minecraft:horse_one_cm":3212},"minecraft:killed_by":{"minecraft:skeleton":1,"minecraft:zombie":2},"minecraft:killed":{"minecraft:spider":1,"minecraft:skeleton":1,"minecraft:creeper":2,"minecraft:zombie":17},"minecraft:mined":{"alexscaves:guanostone":12,"minecraft:attached_melon_stem":1,"minecraft:candle":13,"minecraft:mangrove_roots":1,"minecraft:grass_block":70,"minecraft:oxeye_daisy":4,"minecraft:rooted_dirt":3,"minecraft:hay_block":29,"farmersdelight:wild_onions":8,"minecraft:tall_seagrass":1,"minecraft:packed_mud":2,"minecraft:iron_ore":12,"minecraft:fire":1,"minecraft:cave_vines":1,"minecraft:deepslate_iron_ore":5,"minecraft:vine":1,"minecraft:bamboo":1,"minecraft:stone":15,"minecraft:white_wool":9,"farmersdelight:wild_potatoes":8,"minecraft:melon_stem":1,"travelersbackpack:standard":4,"minecraft:crafting_table":3,"minecraft:cornflower":1,"minecraft:torch":2,"minecraft:honey_block":4,"minecraft:oak_wood":8,"bakery:wild_strawberries":29,"minecraft:melon":6,"minecraft:chest":1,"supplementaries:wild_flax":1,"minecraft:tall_grass":2,"minecraft:copper_ore":4,"minecraft:cobblestone":4,"minecraft:lily_pad":8,"minecraft:sugar_cane":5,"minecraft:wall_torch":1,"minecraft:pink_petals":1,"farmersdelight:wild_beetroots":15,"farmersdelight:sandy_shrub":3,"minecraft:coarse_dirt":2,"minecraft:yellow_wool":9,"minecraft:birch_leaves":7,"minecraft:mangrove_leaves":4,"minecraft:yellow_bed":2,"minecraft:red_wall_banner":1,"minecraft:grass":61,"minecraft:oak_log":6,"minecraft:coal_ore":14,"minecraft:sunflower":17,"minecraft:sand":46,"minecraft:dirt":5,"minecraft:netherrack":1,"minecraft:oak_leaves":20,"minecraft:fern":7},"minecraft:used":{"minecraft:stone_shovel":110,"minecraft:chest":3,"minecraft:iron_sword":18,"minecraft:stone_hoe":145,"minecraft:rotten_flesh":6,"minecraft:netherrack":1,"minecraft:torch":30,"minecraft:dirt":87,"minecraft:iron_hoe":18,"minecraft:wooden_axe":36,"minecraft:rooted_dirt":7,"minecraft:iron_boots":1,"minecraft:furnace":1,"minecraft:water_bucket":48,"minecraft:stone_pickaxe":87,"minecraft:oak_planks":1,"minecraft:wooden_pickaxe":5,"minecraft:cobblestone_slab":2,"minecraft:blue_bed":1,"minecraft:sand":1,"minecraft:crafting_table":5,"bakery:strawberry":17,"alexscaves:guano":4,"minecraft:apple":11,"minecraft:bread":31,"minecraft:stone_axe":101,"minecraft:pink_petals":3,"minecraft:cobblestone":1,"travelersbackpack:standard":21,"minecraft:red_banner":1,"minecraft:bucket":48,"minecraft:yellow_bed":1,"minecraft:oak_boat":1,"alexsmobs:animal_dictionary":1,"minecraft:coarse_dirt":3,"minecraft:golden_pickaxe":2,"minecraft:candle":14}},"DataVersion":3465}