{"stats":{"minecraft:picked_up":{"minecraft:wheat":20,"minecraft:yellow_wool":9,"minecraft:smithing_table":1,"minecraft:lead":9,"farmersdelight:rice_panicle":11,"bakery:strawberry_seeds":12,"minecraft:brewing_stand":1,"minecraft:string":31,"minecraft:raw_copper":11,"minecraft:red_candle":2,"brewery:hops":65,"minecraft:beetroot":3,"minecraft:cobbled_deepslate":2,"minecraft:bucket":1,"farmersdelight:cabbage":27,"minecraft:azalea":1,"minecraft:melon_slice":29,"farmersdelight:cabbage_seeds":31,"alexsmobs:leafcutter_ant_chamber":1,"minecraft:stick":24,"farmersdelight:rotten_tomato":5,"minecraft:oak_fence":1,"minecraft:torch":15,"minecraft:acacia_log":1,"minecraft:cherry_log":26,"supplementaries:flax":54,"minecraft:rotten_flesh":24,"farmersdelight:onion":27,"alexsmobs:emu_egg":1,"minecraft:mangrove_roots":1,"supplementaries:ash":2,"alexsmobs:flying_fish":1,"minecraft:cobblestone":45,"minecraft:pink_petals":215,"brewery:beer_mug":3,"spartanweaponry:handle":4,"farmersdelight:rice":9,"minecraft:cherry_planks":18,"minecraft:smoker":1,"minecraft:potato":77,"brewery:corn_seeds":96,"butchersdelight:deadpig":10,"supplementaries:flax_seeds":107,"farmersdelight:tomato":30,"minecraft:dirt":417,"brewery:hops_seeds":8,"minecraft:bone":4,"minecraft:acacia_planks":2,"minecraft:wheat_seeds":87,"alexscaves:guano":4,"minecraft:raw_gold":23,"minecraft:fletching_table":1,"minecraft:bamboo":42,"tacz:gun_smith_table":1,"minecraft:moss_block":10,"minecraft:honeycomb":3,"brewery:beer_hops":4,"alexscaves:amber_curiosity":1,"minecraft:poisonous_potato":2,"butchersdelight:cow_hide":12,"minecraft:sand":140,"alexsmobs:animal_dictionary":1,"minecraft:mossy_cobblestone":1,"minecraft:diamond":1,"minecraft:bone_meal":4,"pfm:furniture_book":1,"minecraft:bread":1,"minecraft:rooted_dirt":118,"minecraft:oak_sapling":1,"minecraft:netherrack":1,"minecraft:coarse_dirt":4,"minecraft:crafting_table":3,"minecraft:allium":20,"minecraft:clay_ball":13,"spartanweaponry:cave_spider_head":1,"minecraft:brown_mushroom":1,"minecraft:wooden_pickaxe":2,"minecraft:cornflower":1,"minecraft:moss_carpet":1,"minecraft:white_carpet":2,"butchersdelight:dead_cow":1,"minecraft:cartography_table":2,"minecraft:candle":28,"minecraft:birch_sapling":1,"supplementaries:rope":49,"minecraft:sugar_cane":34,"minecraft:chest":1,"minecraft:raw_iron":49,"alexscaves:guanostone":31,"alexscaves:cycad":4,"spartanweaponry:iron_halberd":1,"minecraft:arrow":4,"minecraft:beetroot_seeds":15,"minecraft:hay_block":29,"brewery:corn":67,"minecraft:rail":2,"minecraft:white_wool":19,"minecraft:oxeye_daisy":4,"minecraft:air":2,"alexscaves:pewen_log":5,"spartanweaponry:iron_longsword":1,"minecraft:acacia_wood":6,"minecraft:packed_mud":3,"minecraft:oak_log":10,"minecraft:lily_pad":72,"minecraft:yellow_bed":2,"minecraft:gunpowder":3,"alexscaves:amber":16,"minecraft:iron_ingot":7,"alexscaves:coprolith":7,"minecraft:iron_sword":1,"bakery:strawberry":59,"minecraft:smooth_basalt":3,"minecraft:pumpkin":2,"minecraft:sweet_berries":27,"minecraft:red_banner":3,"minecraft:spider_eye":3,"travelersbackpack:standard":5,"minecraft:oak_wood":7,"minecraft:pumpkin_seeds":4,"minecraft:honey_block":4,"minecraft:cherry_sapling":4,"alexscaves:cave_map":1,"minecraft:melon_seeds":5,"handcrafted:cherry_corner_trim":12,"minecraft:coal":19,"minecraft:sunflower":26},"minecraft:crafted":{"minecraft:oak_planks":68,"minecraft:cobblestone_slab":6,"minecraft:pink_bed":1,"travelersbackpack:yellow_sleeping_bag":3,"minecraft:stone":3,"minecraft:glass":87,"minecraft:bow":1,"minecraft:chest":5,"minecraft:stone_hoe":1,"minecraft:magenta_dye":1,"supplementaries:rope_arrow":18,"minecraft:crafting_table":3,"minecraft:acacia_slab":12,"travelersbackpack:standard":5,"minecraft:wooden_pickaxe":2,"minecraft:baked_potato":22,"supplementaries:rope":36,"spartanweaponry:iron_boomerang":1,"minecraft:pumpkin_seeds":4,"minecraft:campfire":1,"minecraft:string":6,"minecraft:iron_chestplate":1,"minecraft:stick":48,"minecraft:iron_ingot":51,"minecraft:iron_pickaxe":1,"minecraft:composter":1,"minecraft:shears":1,"handcrafted:cherry_corner_trim":4,"minecraft:cherry_planks":8,"minecraft:stone_shovel":1,"minecraft:beehive":1,"minecraft:furnace":1,"minecraft:bone_meal":87,"minecraft:pink_dye":2,"minecraft:white_carpet":3,"minecraft:iron_axe":1,"minecraft:iron_hoe":1,"minecraft:cherry_stairs":8,"minecraft:stone_pickaxe":1,"minecraft:wheat":261,"spartanweaponry:iron_halberd":1,"spartanweaponry:pole":1,"travelersbackpack:backpack_tank":6,"minecraft:iron_sword":1,"spartanweaponry:handle":4,"minecraft:blue_bed":1,"minecraft:bucket":1,"minecraft:stone_axe":1,"minecraft:bread":87,"minecraft:air":0,"minecraft:blue_dye":1,"minecraft:oak_boat":1,"minecraft:wooden_axe":3,"minecraft:iron_leggings":1,"minecraft:iron_shovel":2,"minecraft:cherry_door":3,"minecraft:white_bed":1,"minecraft:acacia_planks":24,"minecraft:torch":40,"bakery:strawberry_seeds":1},"minecraft:broken":{"minecraft:iron_shovel":1,"minecraft:leather_leggings":1,"minecraft:iron_boots":1,"minecraft:stone_axe":1,"minecraft:wooden_axe":2,"minecraft:stone_shovel":1,"minecraft:leather_chestplate":1,"minecraft:stone_hoe":1},"minecraft:dropped":{"minecraft:iron_sword":1,"minecraft:brown_mushroom":3,"minecraft:baked_potato":31,"minecraft:golden_pickaxe":1,"minecraft:diamond":1,"minecraft:crafting_table":1,"minecraft:rooted_dirt":72,"travelersbackpack:standard":2,"minecraft:music_disc_13":1,"minecraft:packed_mud":3,"minecraft:dirt":8,"supplementaries:rope":6,"alexsmobs:flying_fish":1,"alexscaves:cave_map":1,"minecraft:bone_meal":1,"minecraft:gold_ingot":2,"minecraft:mangrove_roots":1,"alexsmobs:animal_dictionary":1,"minecraft:birch_sapling":1,"minecraft:cherry_sapling":2,"minecraft:beetroot":3,"minecraft:rotten_flesh":18,"supplementaries:flax_seeds":12,"supplementaries:ash":2,"farmersdelight:rice_panicle":1,"brewery:hops":17,"minecraft:gunpowder":3,"minecraft:beetroot_seeds":15,"minecraft:melon_seeds":5,"farmersdelight:rope":36,"brewery:beer_hops":4,"spartanweaponry:handle":4,"brewery:corn":1,"minecraft:iron_ingot":19,"minecraft:bread":61,"minecraft:wheat_seeds":10,"minecraft:mossy_cobblestone":1,"minecraft:cobblestone":18,"brewery:corn_seeds":1,"tacz:gun_smith_table":1,"alexscaves:coprolith":7,"minecraft:coal":1,"minecraft:torch":16,"minecraft:wooden_axe":1,"minecraft:cherry_planks":1,"handcrafted:cherry_corner_trim":4,"alexscaves:guanostone":31,"butchersdelight:deadpig":4,"minecraft:pink_petals":25,"minecraft:bucket":1,"minecraft:music_disc_cat":1,"brewery:beer_mug":4,"farmersdelight:rotten_tomato":2,"minecraft:coarse_dirt":1,"spartanweaponry:iron_halberd":1,"minecraft:raw_iron":5,"minecraft:pumpkin_seeds":3,"minecraft:filled_map":1,"minecraft:cobblestone_slab":4,"minecraft:oak_sapling":1,"minecraft:bamboo":25,"pfm:furniture_book":1,"minecraft:wooden_pickaxe":4,"farmersdelight:tomato":1},"minecraft:custom":{"minecraft:animals_bred":5,"minecraft:interact_with_crafting_table":99,"minecraft:open_barrel":65,"minecraft:bell_ring":5,"minecraft:leave_game":11,"minecraft:time_since_death":3709,"minecraft:sprint_one_cm":682873,"minecraft:drop":182,"minecraft:talked_to_villager":14,"minecraft:play_time":520009,"minecraft:deaths":18,"minecraft:jump":5480,"minecraft:walk_on_water_one_cm":161377,"minecraft:interact_with_furnace":71,"minecraft:interact_with_cartography_table":1,"minecraft:interact_with_loom":3,"minecraft:sleep_in_bed":19,"minecraft:damage_dealt":12978,"minecraft:crouch_one_cm":1900,"minecraft:interact_with_smoker":9,"minecraft:horse_one_cm":3212,"minecraft:interact_with_smithing_table":1,"minecraft:mob_kills":66,"minecraft:climb_one_cm":14601,"minecraft:walk_one_cm":1672061,"minecraft:sneak_time":1302,"minecraft:walk_under_water_one_cm":76271,"minecraft:boat_one_cm":293167,"minecraft:interact_with_blast_furnace":1,"minecraft:total_world_time":520009,"minecraft:interact_with_grindstone":4,"minecraft:time_since_rest":3753,"minecraft:damage_taken":9058,"minecraft:swim_one_cm":182559,"minecraft:fly_one_cm":992685,"minecraft:open_chest":360,"minecraft:fall_one_cm":143474},"minecraft:killed_by":{"alexsmobs:crocodile":2,"minecraft:zombie":4,"alexscaves:tremorsaurus":1,"minecraft:player":1,"alexscaves:vallumraptor":3,"minecraft:skeleton":1},"minecraft:killed":{"minecraft:cave_spider":5,"minecraft:spider":3,"alexsmobs:bald_eagle":1,"minecraft:skeleton":3,"alexsmobs:leafcutter_ant":7,"minecraft:creeper":2,"minecraft:zombie":27,"alexsmobs:fly":1,"alexscaves:vallumraptor":8,"minecraft:wandering_trader":1},"minecraft:mined":{"alexscaves:guanostone":12,"minecraft:large_amethyst_bud":1,"minecraft:attached_melon_stem":1,"minecraft:cherry_log":25,"minecraft:brewing_stand":1,"minecraft:acacia_log":1,"minecraft:grass_block":333,"alexscaves:pewen_branch":1,"brewery:beer_hops":1,"minecraft:oxeye_daisy":4,"minecraft:tall_seagrass":1,"minecraft:iron_ore":29,"minecraft:fire":1,"minecraft:pumpkin":2,"minecraft:fletching_table":1,"alexscaves:amber_monolith":1,"minecraft:cave_vines":1,"minecraft:dirt_path":17,"farmersdelight:rice_panicles":12,"spartanweaponry:cave_spider_head":1,"farmersdelight:wild_potatoes":8,"alexscaves:amber":84,"minecraft:melon_stem":1,"minecraft:smoker":1,"minecraft:clay":4,"minecraft:torch":4,"minecraft:melon":6,"minecraft:chest":1,"supplementaries:wild_flax":2,"farmersdelight:cabbages":12,"minecraft:cobblestone":4,"brewery:hops_crop":6,"minecraft:sugar_cane":16,"minecraft:wall_torch":5,"minecraft:pink_petals":40,"minecraft:red_candle":1,"farmersdelight:sandy_shrub":3,"minecraft:yellow_wool":9,"minecraft:wheat":20,"minecraft:pumpkin_stem":1,"minecraft:grass":123,"minecraft:oak_log":6,"brewery:beer_mug":2,"minecraft:sand":141,"minecraft:dirt":19,"minecraft:smooth_basalt":3,"minecraft:netherrack":1,"minecraft:oak_leaves":20,"minecraft:deepslate":2,"alexscaves:spelunkery_table":1,"handcrafted:cherry_corner_trim":12,"farmersdelight:onions":6,"minecraft:mossy_cobblestone":1,"minecraft:candle":13,"minecraft:mangrove_roots":1,"minecraft:allium":1,"alexscaves:pewen_log":4,"minecraft:moss_block":10,"minecraft:cartography_table":2,"minecraft:rooted_dirt":92,"minecraft:large_fern":1,"minecraft:hay_block":29,"farmersdelight:wild_onions":8,"alexscaves:archaic_vine_plant":1,"supplementaries:rope":9,"minecraft:packed_mud":2,"supplementaries:flax":50,"minecraft:acacia_wood":6,"bakery:strawberry_crop":5,"minecraft:potatoes":19,"minecraft:deepslate_iron_ore":21,"minecraft:vine":3,"minecraft:bamboo":1,"minecraft:stone":21,"minecraft:white_wool":9,"minecraft:smithing_table":1,"minecraft:podzol":3,"minecraft:glass_pane":1,"minecraft:cherry_planks":19,"travelersbackpack:standard":5,"minecraft:crafting_table":3,"minecraft:cornflower":1,"minecraft:honey_block":4,"minecraft:oak_wood":8,"bakery:wild_strawberries":29,"brewery:corn_crop":34,"minecraft:tall_grass":2,"minecraft:copper_ore":4,"minecraft:deepslate_gold_ore":23,"minecraft:lily_pad":59,"farmersdelight:wild_beetroots":15,"minecraft:coarse_dirt":3,"minecraft:white_carpet":2,"minecraft:birch_leaves":7,"minecraft:mangrove_leaves":4,"minecraft:yellow_bed":2,"minecraft:red_wall_banner":3,"minecraft:coal_ore":14,"alexscaves:cycad":4,"minecraft:cherry_leaves":15,"minecraft:sunflower":17,"minecraft:cobweb":15,"minecraft:acacia_planks":2,"minecraft:fern":24},"minecraft:used":{"minecraft:moss_block":9,"minecraft:cherry_sapling":2,"minecraft:iron_shovel":439,"farmersdelight:cabbage_seeds":29,"minecraft:chest":3,"minecraft:iron_sword":37,"minecraft:rotten_flesh":6,"spartanweaponry:cave_spider_head":1,"minecraft:allium":15,"minecraft:beehive":1,"minecraft:glass":17,"farmersdelight:rotten_tomato":2,"alexscaves:pewen_log":4,"minecraft:bow":1,"minecraft:furnace":1,"brewery:hops":1,"minecraft:potato":30,"minecraft:oak_planks":1,"minecraft:stone_pickaxe":112,"minecraft:wooden_pickaxe":5,"minecraft:sugar_cane":12,"minecraft:blue_bed":1,"minecraft:composter":1,"spartanweaponry:iron_boomerang":24,"brewery:corn_seeds":82,"minecraft:sand":1,"farmersdelight:rice":5,"minecraft:shears":1,"minecraft:pumpkin_seeds":7,"minecraft:bread":70,"brewery:hops_seeds":8,"supplementaries:flax_seeds":66,"alexscaves:cycad":1,"handcrafted:cherry_corner_trim":12,"minecraft:smithing_table":1,"alexsmobs:leafcutter_ant_chamber":1,"minecraft:oak_boat":1,"minecraft:coarse_dirt":3,"minecraft:bone_meal":82,"minecraft:golden_pickaxe":2,"minecraft:oak_fence":1,"minecraft:stone_shovel":148,"spartanweaponry:iron_halberd":133,"minecraft:stone_hoe":145,"minecraft:netherrack":1,"minecraft:torch":65,"minecraft:dirt":408,"minecraft:brewing_stand":1,"brewery:beer_hops":10,"minecraft:white_carpet":5,"minecraft:iron_hoe":28,"minecraft:wooden_axe":95,"minecraft:iron_axe":32,"minecraft:rooted_dirt":46,"minecraft:red_candle":4,"minecraft:iron_boots":1,"minecraft:smooth_basalt":3,"bakery:strawberry_seeds":15,"farmersdelight:tomato_seeds":5,"minecraft:acacia_planks":9,"minecraft:cherry_log":13,"minecraft:wheat_seeds":55,"minecraft:water_bucket":63,"minecraft:cartography_table":1,"minecraft:fletching_table":1,"minecraft:cobblestone_slab":2,"farmersdelight:onion":12,"minecraft:crafting_table":5,"brewery:corn":2,"bakery:strawberry":35,"minecraft:campfire":1,"minecraft:smoker":1,"alexscaves:guano":4,"minecraft:apple":11,"minecraft:cherry_door":1,"minecraft:iron_pickaxe":133,"supplementaries:rope":6,"minecraft:stone_axe":101,"minecraft:pink_petals":195,"minecraft:pink_bed":1,"brewery:beer_mug":3,"minecraft:cobblestone":1,"minecraft:cherry_stairs":8,"travelersbackpack:standard":22,"minecraft:red_banner":3,"minecraft:bucket":69,"minecraft:yellow_bed":1,"alexsmobs:animal_dictionary":1,"minecraft:candle":14}},"DataVersion":3465}